,name,country,sport,g_medal,s_medal,b_medal
0,julia beljajeva,EST,Fencing,1,0,0
1,david belyavskiy,ROC,Artistic Gymnastics,1,0,0
2,jayson tatum,USA,Basketball,1,0,0
3,brianna throssell,AUS,Swimming,1,0,0
4,risi pouri-lane,NZL,Rugby Sevens,1,0,0
5,bakhodir jalolov,UZB,Boxing,1,0,0
6,joshua kiprui cheptegei,UGA,Athletics,1,0,0
7,zhihui hou,CHN,Weightlifting,1,0,0
8,antoine brizard,FRA,Volleyball,1,0,0
9,avalon wasteneys,CAN,Rowing,1,0,0
10,soufiane elbakkali,MAR,Athletics,1,0,0
11,yukako kawai,JPN,Wrestling,1,0,0
12,chase kalisz,USA,Swimming,1,0,0
13,maggie steffens,USA,Water Polo,1,0,0
14,valarie allman,USA,Athletics,1,0,0
15,jayde riviere,CAN,Football,1,0,0
16,vincent gerard,FRA,Handball,1,0,0
17,italo ferreira,BRA,Surfing,1,0,0
18,junxuan yang,CHN,Swimming,1,0,0
19,ludovic fabregas,FRA,Handball,1,0,0
20,ryutaro umeno,JPN,Baseball/Softball,1,0,0
21,matheus cunha,BRA,Football,1,0,0
22,iosefo masikau baleiwairiki,FIJ,Rugby Sevens,1,0,0
23,peruth chemutai,UGA,Athletics,1,0,0
24,annabelle mcintyre,AUS,Rowing,1,0,0
25,kahena kunze,BRA,Sailing,1,0,0
26,vanessa gilles,CAN,Football,1,0,0
27,sunisa lee,USA,Artistic Gymnastics,1,0,0
28,jeahwan shin,KOR,Artistic Gymnastics,1,0,0
29,theresa fitzpatrick,NZL,Rugby Sevens,1,0,0
30,yifan zhang,CHN,Swimming,1,0,0
31,kasia gruchalla-wesierski,CAN,Rowing,1,0,0
32,vitalina batsarashkina,ROC,Shooting,1,0,0
33,vitalina batsarashkina,ROC,Shooting,1,0,0
34,matt macdonald,NZL,Rowing,1,0,0
35,tamyra mariama mensah stock,USA,Wrestling,1,0,0
36,lasse norman hansen,DEN,Cycling Track,1,0,0
37,ronald rauhe,GER,Canoe Sprint,1,0,0
38,ancuta bodnar,ROU,Rowing,1,0,0
39,satoru uyama,JPN,Fencing,1,0,0
40,jessica von bredow-werndl,GER,Equestrian,1,0,0
41,jessica von bredow-werndl,GER,Equestrian,1,0,0
42,francesco lamon,ITA,Cycling Track,1,0,0
43,akira sone,JPN,Judo,1,0,0
44,yui ohashi,JPN,Swimming,1,0,0
45,yui ohashi,JPN,Swimming,1,0,0
46,margot van geffen,NED,Hockey,1,0,0
47,benjamin savsek,SLO,Canoe Slalom,1,0,0
48,michael morkov,DEN,Cycling Track,1,0,0
49,vladislav larin,ROC,Taekwondo,1,0,0
50,justine wong-orantes,USA,Volleyball,1,0,0
51,kadeisha buchanan,CAN,Football,1,0,0
52,lynna irby,USA,Athletics,1,0,0
53,josine koning,NED,Hockey,1,0,0
54,xiaotong cui,CHN,Rowing,1,0,0
55,sofiya velikaya,ROC,Fencing,1,0,0
56,aria fischer,USA,Water Polo,1,0,0
57,zhan beleniuk,UKR,Wrestling,1,0,0
58,haoran yang,CHN,Shooting,1,0,0
59,katie ledecky,USA,Swimming,1,0,0
60,katie ledecky,USA,Swimming,1,0,0
61,william shaner,USA,Shooting,1,0,0
62,siyi xie,CHN,Diving,1,0,0
63,siyi xie,CHN,Diving,1,0,0
64,kilian le blouch,FRA,Judo,1,0,0
65,emmanuel kipkurui korir,KEN,Athletics,1,0,0
66,thomas murray,NZL,Rowing,1,0,0
67,alla shishkina,ROC,Artistic Swimming,1,0,0
68,ryan murphy,USA,Swimming,1,0,0
69,laurien leurink,NED,Hockey,1,0,0
70,dora bodonyi,HUN,Canoe Sprint,1,0,0
71,tamara csipes,HUN,Canoe Sprint,1,0,0
72,tatjana schoenmaker,RSA,Swimming,1,0,0
73,serguey torres,CUB,Canoe Sprint,1,0,0
74,michelle bartsch,USA,Volleyball,1,0,0
75,yukiyo mine,JPN,Baseball/Softball,1,0,0
76,diana taurasi,USA,Basketball,1,0,0
77,tenika willison,NZL,Rugby Sevens,1,0,0
78,napheesa collier,USA,Basketball,1,0,0
79,karol zalewski,POL,Athletics,1,0,0
80,simon gougnard,BEL,Hockey,1,0,0
81,anastasia pavlyuchenkova,ROC,Tennis,1,0,0
82,dusan mandic,SRB,Water Polo,1,0,0
83,alexander zverev,GER,Tennis,1,0,0
84,larisa korobeynikova,ROC,Fencing,1,0,0
85,caia van maasakker,NED,Hockey,1,0,0
86,daniel stahl,SWE,Athletics,1,0,0
87,yui susaki,JPN,Wrestling,1,0,0
88,shiray kaka,NZL,Rugby Sevens,1,0,0
89,jack hargreaves,AUS,Rowing,1,0,0
90,natalia kaczmarek,POL,Athletics,1,0,0
91,linoy ashram,ISR,Rhythmic Gymnastics,1,0,0
92,antoine sylvain t kina,BEL,Hockey,1,0,0
93,valentin porte,FRA,Handball,1,0,0
94,aminiasi tuimaba,FIJ,Rugby Sevens,1,0,0
95,hsing-chun kuo,TPE,Weightlifting,1,0,0
96,tom shields,USA,Swimming,1,0,0
97,brittney griner,USA,Basketball,1,0,0
98,roniel iglesias,CUB,Boxing,1,0,0
99,julien mertine,FRA,Fencing,1,0,0
100,shericka jackson,JAM,Athletics,1,0,0
101,minori naito,JPN,Baseball/Softball,1,0,0
102,rai benjamin,USA,Athletics,1,0,0
103,yuxi chen,CHN,Diving,1,0,0
104,sosuke genda,JPN,Baseball/Softball,1,0,0
105,hayato sakamoto,JPN,Baseball/Softball,1,0,0
106,elaine thompson-herah,JAM,Athletics,1,0,0
107,elaine thompson-herah,JAM,Athletics,1,0,0
108,elaine thompson-herah,JAM,Athletics,1,0,0
109,peder fredricson,SWE,Equestrian,1,0,0
110,sofia pozdniakova,ROC,Fencing,1,0,0
111,sofia pozdniakova,ROC,Fencing,1,0,0
112,kelsey christine plum,USA,3x3 Basketball,1,0,0
113,vilimoni botitu,FIJ,Rugby Sevens,1,0,0
114,damian lillard,USA,Basketball,1,0,0
115,kazuyasu minobe,JPN,Fencing,1,0,0
116,erin katrina mcleod,CAN,Football,1,0,0
117,matea jelic,CRO,Taekwondo,1,0,0
118,marta martyanova,ROC,Fencing,1,0,0
119,nikola mektic,CRO,Tennis,1,0,0
120,sanne anne leonie koolen,NED,Hockey,1,0,0
121,anna karasz,HUN,Canoe Sprint,1,0,0
122,yuan cao,CHN,Diving,1,0,0
123,suguru iwazaki,JPN,Baseball/Softball,1,0,0
124,mate pavic,CRO,Tennis,1,0,0
125,sylvia fowles,USA,Basketball,1,0,0
126,tianshi zhong,CHN,Cycling Track,1,0,0
127,randolph ross,USA,Athletics,1,0,0
128,ben maher,GBR,Equestrian,1,0,0
129,thomas pidcock,GBR,Cycling Mountain Bike,1,0,0
130,xander schauffele,USA,Golf,1,0,0
131,paul odonovan,IRL,Rowing,1,0,0
132,santos,BRA,Football,1,0,0
133,trevor stewart,USA,Athletics,1,0,0
134,yamato fujita,JPN,Baseball/Softball,1,0,0
135,koudai senga,JPN,Baseball/Softball,1,0,0
136,mima ito,JPN,Table Tennis,1,0,0
137,tom boon,BEL,Hockey,1,0,0
138,pauletta foppa,FRA,Handball,1,0,0
139,anders berntsen mol,NOR,Beach Volleyball,1,0,0
140,jakob ingebrigtsen,NOR,Athletics,1,0,0
141,kajetan duszynski,POL,Athletics,1,0,0
142,enzo lefort,FRA,Fencing,1,0,0
143,alex yee,GBR,Triathlon,1,0,0
144,jade carey,USA,Artistic Gymnastics,1,0,0
145,deanne rose,CAN,Football,1,0,0
146,changhong zhang,CHN,Shooting,1,0,0
147,rebecca quinn,CAN,Football,1,0,0
148,nikita nagornyy,ROC,Artistic Gymnastics,1,0,0
149,malin baryard-johnsson,SWE,Equestrian,1,0,0
150,federica cesarini,ITA,Rowing,1,0,0
151,koen metsemakers,NED,Rowing,1,0,0
152,artur dalaloyan,ROC,Artistic Gymnastics,1,0,0
153,daiki hashimoto,JPN,Artistic Gymnastics,1,0,0
154,daiki hashimoto,JPN,Artistic Gymnastics,1,0,0
155,hongchan quan,CHN,Diving,1,0,0
156,matthew walls,GBR,Cycling Track,1,0,0
157,shanne braspennincx,NED,Cycling Track,1,0,0
158,jonathan milan,ITA,Cycling Track,1,0,0
159,christine sinclair,CAN,Football,1,0,0
160,vincent hancock,USA,Shooting,1,0,0
161,kiran badloe,NED,Sailing,1,0,0
162,faith chepngetich kipyegon,KEN,Athletics,1,0,0
163,ulugbek rashitov,UZB,Taekwondo,1,0,0
164,sakura yosozumi,JPN,Skateboarding,1,0,0
165,kendall ellis,USA,Athletics,1,0,0
166,allisha gray,USA,3x3 Basketball,1,0,0
167,nikola karabatic,FRA,Handball,1,0,0
168,tyla nathan-wong,NZL,Rugby Sevens,1,0,0
169,zuzana stefecekova,SVK,Shooting,1,0,0
170,muhan tang,CHN,Swimming,1,0,0
171,sireli maqala,FIJ,Rugby Sevens,1,0,0
172,saki yamazaki,JPN,Baseball/Softball,1,0,0
173,viktoria listunova,ROC,Artistic Gymnastics,1,0,0
174,dani alves,BRA,Football,1,0,0
175,a'ja wilson,USA,Basketball,1,0,0
176,mengya sun,CHN,Canoe Sprint,1,0,0
177,maria verschoor,NED,Hockey,1,0,0
178,lydia jacoby,USA,Swimming,1,0,0
179,svetlana kolesnichenko,ROC,Artistic Swimming,1,0,0
180,svetlana kolesnichenko,ROC,Artistic Swimming,1,0,0
181,sue bird,USA,Basketball,1,0,0
182,jenia grebennikov,FRA,Volleyball,1,0,0
183,roy van den berg,NED,Cycling Track,1,0,0
184,blandine dancette,FRA,Handball,1,0,0
185,katerina siniakova,CZE,Tennis,1,0,0
186,michael andrew,USA,Swimming,1,0,0
187,matthew richards,GBR,Swimming,1,0,0
188,branislav mitrovic,SRB,Water Polo,1,0,0
189,ahmed hafnaoui,TUN,Swimming,1,0,0
190,koyo aoyagi,JPN,Baseball/Softball,1,0,0
191,stefanos ntouskos,GRE,Rowing,1,0,0
192,ivet goranova,BUL,Karate,1,0,0
193,michael norman,USA,Athletics,1,0,0
194,yufei zhang,CHN,Swimming,1,0,0
195,yufei zhang,CHN,Swimming,1,0,0
196,erika zafirova,BUL,Rhythmic Gymnastics,1,0,0
197,marloes keetels,NED,Hockey,1,0,0
198,ashley lawrence,CAN,Football,1,0,0
199,pien sanders,NED,Hockey,1,0,0
200,alexandra klineman,USA,Beach Volleyball,1,0,0
201,desiree rose marie scott,CAN,Football,1,0,0
202,jerry tuwai,FIJ,Rugby Sevens,1,0,0
203,hideto asamura,JPN,Baseball/Softball,1,0,0
204,filippo tortu,ITA,Athletics,1,0,0
205,andrea drews,USA,Volleyball,1,0,0
206,vlada chigireva,ROC,Artistic Swimming,1,0,0
207,khris middleton,USA,Basketball,1,0,0
208,andre de grasse,CAN,Athletics,1,0,0
209,balint kopasz,HUN,Canoe Sprint,1,0,0
210,lijun chen,CHN,Weightlifting,1,0,0
211,momiji nishiya,JPN,Skateboarding,1,0,0
212,dylan fletcher-scott,GBR,Sailing,1,0,0
213,lauren price,GBR,Boxing,1,0,0
214,kevin durant,USA,Basketball,1,0,0
215,vernon norwood,USA,Athletics,1,0,0
216,rebeca andrade,BRA,Artistic Gymnastics,1,0,0
217,jiuta wainiqolo,FIJ,Rugby Sevens,1,0,0
218,wenwen li,CHN,Weightlifting,1,0,0
219,jeffrey hoogland,NED,Cycling Track,1,0,0
220,qian yang,CHN,Shooting,1,0,0
221,qian yang,CHN,Shooting,1,0,0
222,malcom,BRA,Football,1,0,0
223,hifumi abe,JPN,Judo,1,0,0
224,oliver townend,GBR,Equestrian,1,0,0
225,henrik von eckermann,SWE,Equestrian,1,0,0
226,alexandra lacrabere,FRA,Handball,1,0,0
227,hidilyn diaz,PHI,Weightlifting,1,0,0
228,stoyka zhelyazkova krasteva,BUL,Boxing,1,0,0
229,nicolas de kerpel,BEL,Hockey,1,0,0
230,simona dyankova,BUL,Rhythmic Gymnastics,1,0,0
231,dirk uittenbogaard,NED,Rowing,1,0,0
232,milica mandic,SRB,Taekwondo,1,0,0
233,april ross,USA,Beach Volleyball,1,0,0
234,milan aleksic,SRB,Water Polo,1,0,0
235,dalilah muhammad,USA,Athletics,1,0,0
236,logan martin,AUS,Cycling BMX Freestyle,1,0,0
237,bingjie li,CHN,Swimming,1,0,0
238,natasha morrison,JAM,Athletics,1,0,0
239,antonella palmisano,ITA,Athletics,1,0,0
240,thomas mackintosh,NZL,Rowing,1,0,0
241,yang liu,CHN,Artistic Gymnastics,1,0,0
242,alexander hendrickx,BEL,Hockey,1,0,0
243,sarah goss,NZL,Rugby Sevens,1,0,0
244,sydney payne,CAN,Rowing,1,0,0
245,anne-marie rindom,DEN,Sailing,1,0,0
246,kaylee mckeown,AUS,Swimming,1,0,0
247,kaylee mckeown,AUS,Swimming,1,0,0
248,kaylee mckeown,AUS,Swimming,1,0,0
249,yann genty,FRA,Handball,1,0,0
250,stephanie haralabidis,USA,Water Polo,1,0,0
251,chizuru arai,JPN,Judo,1,0,0
252,dong ping huang,CHN,Badminton,1,0,0
253,sophie schmidt,CAN,Football,1,0,0
254,bruno fuchs,BRA,Football,1,0,0
255,primoz roglic,SLO,Cycling Road,1,0,0
256,sandor totka,HUN,Canoe Sprint,1,0,0
257,ariarne titmus,AUS,Swimming,1,0,0
258,ariarne titmus,AUS,Swimming,1,0,0
259,laura flippes,FRA,Handball,1,0,0
260,miltiadis tentoglou,GRE,Athletics,1,0,0
261,mayu mukaida,JPN,Wrestling,1,0,0
262,chloe valentini,FRA,Handball,1,0,0
263,ryo kiyuna,JPN,Karate,1,0,0
264,arthur anne-marie thierry de sloover,BEL,Hockey,1,0,0
265,yasuaki yamasaki,JPN,Baseball/Softball,1,0,0
266,jordan larson,USA,Volleyball,1,0,0
267,kristen kit,CAN,Rowing,1,0,0
268,maxime pauty,FRA,Fencing,1,0,0
269,nodoka harada,JPN,Baseball/Softball,1,0,0
270,katie moon,USA,Athletics,1,0,0
271,stephen boyer,FRA,Volleyball,1,0,0
272,trevor clevenot,FRA,Volleyball,1,0,0
273,inna deriglazova,ROC,Fencing,1,0,0
274,bruno guimaraes,BRA,Football,1,0,0
275,ranxin jiang,CHN,Shooting,1,0,0
276,hugo descat,FRA,Handball,1,0,0
277,florian wellbrock,GER,Marathon Swimming,1,0,0
278,bowen becker,USA,Swimming,1,0,0
279,fatima galvez,ESP,Shooting,1,0,0
280,mariia shurochkina,ROC,Artistic Swimming,1,0,0
281,hiromi itoh,JPN,Baseball/Softball,1,0,0
282,timothey nguessan,FRA,Handball,1,0,0
283,jiri liptak,CZE,Shooting,1,0,0
284,lee kiefer,USA,Fencing,1,0,0
285,romane dicko,FRA,Judo,1,0,0
286,janine beckie,CAN,Football,1,0,0
287,hebert sousa,BRA,Boxing,1,0,0
288,hansle parchment,JAM,Athletics,1,0,0
289,jolanda neff,SUI,Cycling Mountain Bike,1,0,0
290,diego carlos,BRA,Football,1,0,0
291,malou pheninckx,NED,Hockey,1,0,0
292,matt wearn,AUS,Sailing,1,0,0
293,shelina zadorsky,CAN,Football,1,0,0
294,aline focken,GER,Wrestling,1,0,0
295,kellie anne harrington,IRL,Boxing,1,0,0
296,alexandre iddir,FRA,Judo,1,0,0
297,laura maria nunnink,NED,Hockey,1,0,0
298,greysia polii,INA,Badminton,1,0,0
299,lorenzo patta,ITA,Athletics,1,0,0
300,joseph choong,GBR,Modern Pentathlon,1,0,0
301,amandine buchard,FRA,Judo,1,0,0
302,jordyn huitema,CAN,Football,1,0,0
303,woojin kim,KOR,Archery,1,0,0
304,zach apple,USA,Swimming,1,0,0
305,zach apple,USA,Swimming,1,0,0
306,kerri gowler,NZL,Rowing,1,0,0
307,sydney mclaughlin-levrone,USA,Athletics,1,0,0
308,sydney mclaughlin-levrone,USA,Athletics,1,0,0
309,munetaka murakami,JPN,Baseball/Softball,1,0,0
310,jessica fox,AUS,Canoe Slalom,1,0,0
311,remona burchell,JAM,Athletics,1,0,0
312,yuki yanagita,JPN,Baseball/Softball,1,0,0
313,pauline coatanea,FRA,Handball,1,0,0
314,laura collett,GBR,Equestrian,1,0,0
315,yuto horigome,JPN,Skateboarding,1,0,0
316,ana marcela cunha,BRA,Marathon Swimming,1,0,0
317,micha hancock,USA,Volleyball,1,0,0
318,yoshinobu yamamoto,JPN,Baseball/Softball,1,0,0
319,stefan mitrovic,SRB,Water Polo,1,0,0
320,thomas green,AUS,Canoe Sprint,1,0,0
321,kevin tillie,FRA,Volleyball,1,0,0
322,lasha talakhadze,GEO,Weightlifting,1,0,0
323,margaux pinot,FRA,Judo,1,0,0
324,gianmarco tamberi,ITA,Athletics,1,0,0
325,sayaka mori,JPN,Baseball/Softball,1,0,0
326,yu fei chen,CHN,Badminton,1,0,0
327,jun mizutani,JPN,Table Tennis,1,0,0
328,galal yafai,GBR,Boxing,1,0,0
329,nikola jaksic,SRB,Water Polo,1,0,0
330,apriyani rahayu,INA,Badminton,1,0,0
331,yunxia chen,CHN,Rowing,1,0,0
332,ryan crouser,USA,Athletics,1,0,0
333,david morris taylor iii,USA,Wrestling,1,0,0
334,robert finke,USA,Swimming,1,0,0
335,robert finke,USA,Swimming,1,0,0
336,claudinho,BRA,Football,1,0,0
337,fernando dayan jorge enriquez,CUB,Canoe Sprint,1,0,0
338,amandine leynaud,FRA,Handball,1,0,0
339,eva de goede,NED,Hockey,1,0,0
340,yang lee,TPE,Badminton,1,0,0
341,matthieu androdias,FRA,Rowing,1,0,0
342,angelina melnikova,ROC,Artistic Gymnastics,1,0,0
343,nina derwael,BEL,Artistic Gymnastics,1,0,0
344,sifan hassan,NED,Athletics,1,0,0
345,sifan hassan,NED,Athletics,1,0,0
346,neeraj chopra,IND,Athletics,1,0,0
347,hamish bond,NZL,Rowing,1,0,0
348,meline nocandy,FRA,Handball,1,0,0
349,guillaume chaine,FRA,Judo,1,0,0
350,matheus henrique,BRA,Football,1,0,0
351,zavur uguev,ROC,Wrestling,1,0,0
352,madeleine malonga,FRA,Judo,1,0,0
353,lukas krpalek,CZE,Judo,1,0,0
354,kaylin whitney,USA,Athletics,1,0,0
355,jiri prskavec,CZE,Canoe Slalom,1,0,0
356,katie archibald,GBR,Cycling Track,1,0,0
357,dariusz kowaluk,POL,Athletics,1,0,0
358,james guy,GBR,Swimming,1,0,0
359,james guy,GBR,Swimming,1,0,0
360,viktor axelsen,DEN,Badminton,1,0,0
361,eliud kipchoge,KEN,Athletics,1,0,0
362,jean patry,FRA,Volleyball,1,0,0
363,jason kenny,GBR,Cycling Track,1,0,0
364,lauren lara jeanette stam,NED,Hockey,1,0,0
365,adriana leon,CAN,Football,1,0,0
366,lisa carrington,NZL,Canoe Sprint,1,0,0
367,lisa carrington,NZL,Canoe Sprint,1,0,0
368,lisa carrington,NZL,Canoe Sprint,1,0,0
369,damian warner,CAN,Athletics,1,0,0
370,nayu kiyohara,JPN,Baseball/Softball,1,0,0
371,grace zaadi deuna,FRA,Handball,1,0,0
372,andrey rublev,ROC,Tennis,1,0,0
373,ryosuke kikuchi,JPN,Baseball/Softball,1,0,0
374,cate campbell,AUS,Swimming,1,0,0
375,cate campbell,AUS,Swimming,1,0,0
376,akbar djuraev,UZB,Weightlifting,1,0,0
377,caeleb dressel,USA,Swimming,1,0,0
378,caeleb dressel,USA,Swimming,1,0,0
379,caeleb dressel,USA,Swimming,1,0,0
380,caeleb dressel,USA,Swimming,1,0,0
381,caeleb dressel,USA,Swimming,1,0,0
382,mete gazoz,TUR,Archery,1,0,0
383,lucao,BRA,Football,1,0,0
384,neisi patricia dajomes barrera,ECU,Weightlifting,1,0,0
385,niek kimmann,NED,Cycling BMX Racing,1,0,0
386,nina christen,SUI,Shooting,1,0,0
387,fabin li,CHN,Weightlifting,1,0,0
388,max rendschmidt,GER,Canoe Sprint,1,0,0
389,takuya kai,JPN,Baseball/Softball,1,0,0
390,valent sinkovic,CRO,Rowing,1,0,0
391,nelly korda,USA,Golf,1,0,0
392,pedro p. pichardo,POR,Athletics,1,0,0
393,kensuke kondoh,JPN,Baseball/Softball,1,0,0
394,waisea nacuqu,FIJ,Rugby Sevens,1,0,0
395,erika kirpu,EST,Fencing,1,0,0
396,kimberly hill,USA,Volleyball,1,0,0
397,steven gardiner,BAH,Athletics,1,0,0
398,kaima taira,JPN,Baseball/Softball,1,0,0
399,kristof kristof milak,HUN,Swimming,1,0,0
400,john-john dohmen,BEL,Hockey,1,0,0
401,adam peaty,GBR,Swimming,1,0,0
402,adam peaty,GBR,Swimming,1,0,0
403,mana atsumi,JPN,Baseball/Softball,1,0,0
404,guilherme arana,BRA,Football,1,0,0
405,andrija prlainovic,SRB,Water Polo,1,0,0
406,shori hamada,JPN,Judo,1,0,0
407,joseph hunter armstrong,USA,Swimming,1,0,0
408,isaquias queiroz dos santos,BRA,Canoe Sprint,1,0,0
409,yang lyu,CHN,Rowing,1,0,0
410,strahinja rasovic,SRB,Water Polo,1,0,0
411,iga baumgart,POL,Athletics,1,0,0
412,adelina zagidullina,ROC,Fencing,1,0,0
413,yiwen sun,CHN,Fencing,1,0,0
414,distria krasniqi,KOS,Judo,1,0,0
415,maksim khramtcov,ROC,Taekwondo,1,0,0
416,douglas luiz,BRA,Football,1,0,0
417,bongil gu,KOR,Fencing,1,0,0
418,artem dolgopyat,ISR,Artistic Gymnastics,1,0,0
419,uta abe,JPN,Judo,1,0,0
420,manyu wang,CHN,Table Tennis,1,0,0
421,kentin mahe,FRA,Handball,1,0,0
422,christine roper,CAN,Rowing,1,0,0
423,vito dell'aquila,ITA,Taekwondo,1,0,0
424,shanju bao,CHN,Cycling Track,1,0,0
425,athing mu,USA,Athletics,1,0,0
426,athing mu,USA,Athletics,1,0,0
427,nicolas tournat,FRA,Handball,1,0,0
428,kelsey mitchell,CAN,Cycling Track,1,0,0
429,tingmao shi,CHN,Diving,1,0,0
430,tingmao shi,CHN,Diving,1,0,0
431,vladislava urazova,ROC,Artistic Gymnastics,1,0,0
432,stefanie dolson,USA,3x3 Basketball,1,0,0
433,bryce deadmon,USA,Athletics,1,0,0
434,alexander purnell,AUS,Rowing,1,0,0
435,stella dianne van gils,NED,Hockey,1,0,0
436,charlotte worthington,GBR,Cycling BMX Freestyle,1,0,0
437,victor wegnez,BEL,Hockey,1,0,0
438,busenaz surmeneli,TUR,Boxing,1,0,0
439,olga nikitina,ROC,Fencing,1,0,0
440,yingsha sun,CHN,Table Tennis,1,0,0
441,blake pieroni,USA,Swimming,1,0,0
442,blake pieroni,USA,Swimming,1,0,0
443,lucy stephan,AUS,Rowing,1,0,0
444,breanna stewart,USA,Basketball,1,0,0
445,michaela blyde,NZL,Rugby Sevens,1,0,0
446,stacey waaka,NZL,Rugby Sevens,1,0,0
447,kristian blummenfelt,NOR,Triathlon,1,0,0
448,rosemary popa,AUS,Rowing,1,0,0
449,hitomi kawabata,JPN,Baseball/Softball,1,0,0
450,napolioni bolaca,FIJ,Rugby Sevens,1,0,0
451,mutaz essa barshim,QAT,Athletics,1,0,0
452,sajad ganjzadeh,IRI,Karate,1,0,0
453,coralie lassource,FRA,Handball,1,0,0
454,karsten warholm,NOR,Athletics,1,0,0
455,richarlison de andrade,BRA,Football,1,0,0
456,tina charles,USA,Basketball,1,0,0
457,vincent vanasch,BEL,Hockey,1,0,0
458,christian sandlie sorum,NOR,Beach Volleyball,1,0,0
459,emily seebohm,AUS,Swimming,1,0,0
460,dusko pijetlovic,SRB,Water Polo,1,0,0
461,nauris miezis,LAT,3x3 Basketball,1,0,0
462,armand duplantis,SWE,Athletics,1,0,0
463,chae young kang,KOR,Archery,1,0,0
464,ling zhang,CHN,Rowing,1,0,0
465,malaika mihambo,GER,Athletics,1,0,0
466,miu goto,JPN,Baseball/Softball,1,0,0
467,sebastien dockier,BEL,Hockey,1,0,0
468,ricardo graca,BRA,Football,1,0,0
469,jessica learmonth,GBR,Triathlon,1,0,0
470,barthelemy chinenyeze,FRA,Volleyball,1,0,0
471,yacine louati,FRA,Volleyball,1,0,0
472,thomas briels,BEL,Hockey,1,0,0
473,lamont marcell jacobs,ITA,Athletics,1,0,0
474,lamont marcell jacobs,ITA,Athletics,1,0,0
475,simone consonni,ITA,Cycling Track,1,0,0
476,abdulrashid sadulaev,ROC,Wrestling,1,0,0
477,ivan litvinovich,BLR,Trampoline Gymnastics,1,0,0
478,giles scott,GBR,Sailing,1,0,0
479,arlen lopez,CUB,Boxing,1,0,0
480,wei pang,CHN,Shooting,1,0,0
481,zhouyu wang,CHN,Weightlifting,1,0,0
482,takanori nagase,JPN,Judo,1,0,0
483,kalidiatou niakate,FRA,Handball,1,0,0
484,marina goliadkina,ROC,Artistic Swimming,1,0,0
485,anna kiesenhofer,AUT,Cycling Road,1,0,0
486,erwan le pechoux,FRA,Fencing,1,0,0
487,naohisa takato,JPN,Judo,1,0,0
488,masaru yamada,JPN,Fencing,1,0,0
489,lijiao gong,CHN,Athletics,1,0,0
490,emma twigg,NZL,Rowing,1,0,0
491,panipak wongpattanakit,THA,Taekwondo,1,0,0
492,michael guigou,FRA,Handball,1,0,0
493,nicolas le goff,FRA,Volleyball,1,0,0
494,earvin ngapeth,FRA,Volleyball,1,0,0
495,xiaojun lyu,CHN,Weightlifting,1,0,0
496,mathew belcher,AUS,Sailing,1,0,0
497,masataka yoshida,JPN,Baseball/Softball,1,0,0
498,karlis lasmanis,LAT,3x3 Basketball,1,0,0
499,susanne grainger,CAN,Rowing,1,0,0
500,xueying zhu,CHN,Trampoline Gymnastics,1,0,0
501,chenchen guan,CHN,Artistic Gymnastics,1,0,0
502,nedim remili,FRA,Handball,1,0,0
503,foluke akinradewo,USA,Volleyball,1,0,0
504,yulimar rojas,VEN,Athletics,1,0,0
505,shun wang,CHN,Swimming,1,0,0
506,gojko pijetlovic,SRB,Water Polo,1,0,0
507,ricarda funk,GER,Canoe Slalom,1,0,0
508,jingyuan zou,CHN,Artistic Gymnastics,1,0,0
509,koki kano,JPN,Fencing,1,0,0
510,felice albers,NED,Hockey,1,0,0
511,stuart bithell,GBR,Sailing,1,0,0
512,dorde lazic,SRB,Water Polo,1,0,0
513,alberto gines lopez,ESP,Sport Climbing,1,0,0
514,haruka agatsuma,JPN,Baseball/Softball,1,0,0
515,dorothee schneider,GER,Equestrian,1,0,0
516,gable dan steveson,USA,Wrestling,1,0,0
517,yunxiu lu,CHN,Sailing,1,0,0
518,jasmine camacho-quinn,PUR,Athletics,1,0,0
519,bronte campbell,AUS,Swimming,1,0,0
520,steven da costa,FRA,Karate,1,0,0
521,nora gjakova,KOS,Judo,1,0,0
522,lisa brennauer,GER,Cycling Track,1,0,0
523,junghwan kim,KOR,Fencing,1,0,0
524,georgia taylor-brown,GBR,Triathlon,1,0,0
525,tetsuto yamada,JPN,Baseball/Softball,1,0,0
526,carissa moore,USA,Surfing,1,0,0
527,julia grosso,CAN,Football,1,0,0
528,caitlin ryan,NZL,Canoe Sprint,1,0,0
529,jewell loyd,USA,Basketball,1,0,0
530,skylar diggins,USA,Basketball,1,0,0
531,chiaka ogbogu,USA,Volleyball,1,0,0
532,shiying liu,CHN,Athletics,1,0,0
533,stefani kiryakova,BUL,Rhythmic Gymnastics,1,0,0
534,laura kenny,GBR,Cycling Track,1,0,0
535,shixiao xu,CHN,Canoe Sprint,1,0,0
536,ariel atkins,USA,Basketball,1,0,0
537,nikola dedovic,SRB,Water Polo,1,0,0
538,jonathan brownlee,GBR,Triathlon,1,0,0
539,josua vakurunabili,FIJ,Rugby Sevens,1,0,0
540,abe wiersma,NED,Rowing,1,0,0
541,yi lyu wang,CHN,Badminton,1,0,0
542,luka karabatic,FRA,Handball,1,0,0
543,luigi busa,ITA,Karate,1,0,0
544,haleigh washington,USA,Volleyball,1,0,0
545,antony,BRA,Football,1,0,0
546,yuka ichiguchi,JPN,Baseball/Softball,1,0,0
547,jiaqi zhang,CHN,Diving,1,0,0
548,julio la cruz,,,0,0,1
549,thomas daley,GBR,Diving,1,0,0
550,draymond green,USA,Basketball,1,0,0
551,ruggero tita,ITA,Sailing,1,0,0
552,gabrielle carle,CAN,Football,1,0,0
553,martin sinkovic,CRO,Rowing,1,0,0
554,jessica morrison,AUS,Rowing,1,0,0
555,andrea proske,CAN,Rowing,1,0,0
556,estelle nze-minko,FRA,Handball,1,0,0
557,xin xu,CHN,Table Tennis,1,0,0
558,amber english,USA,Shooting,1,0,0
559,asaeli tuivuaka,FIJ,Rugby Sevens,1,0,0
560,brooks curry,USA,Swimming,1,0,0
561,isabell werth,GER,Equestrian,1,0,0
562,yukiko ueno,JPN,Baseball/Softball,1,0,0
563,semi radradra,FIJ,Rugby Sevens,1,0,0
564,xan de waard,NED,Hockey,1,0,0
565,florent van aubel,BEL,Hockey,1,0,0
566,laura traets,BUL,Rhythmic Gymnastics,1,0,0
567,jacquelyn young,USA,3x3 Basketball,1,0,0
568,freeke moes,NED,Hockey,1,0,0
569,allison pineau,,,0,0,1
570,arthur van doren,BEL,Hockey,1,0,0
571,nichelle prince,CAN,Football,1,0,0
572,gayle broughton,NZL,Rugby Sevens,1,0,0
573,dika mem,FRA,Handball,1,0,0
574,max whitlock,GBR,Artistic Gymnastics,1,0,0
575,irina embrich,EST,Fencing,1,0,0
576,filip filipovic,SRB,Water Polo,1,0,0
577,agnis cavars,LAT,3x3 Basketball,1,0,0
578,anita wlodarczyk,POL,Athletics,1,0,0
579,eseosa desalu,ITA,Athletics,1,0,0
580,jerami grant,USA,Basketball,1,0,0
581,kalione nasoko,FIJ,Rugby Sevens,1,0,0
582,long ma,CHN,Table Tennis,1,0,0
583,long ma,CHN,Table Tennis,1,0,0
584,polina komar,ROC,Artistic Swimming,1,0,0
585,duncan scott,GBR,Swimming,1,0,0
586,mieke kroger,GER,Cycling Track,1,0,0
587,zhendong fan,CHN,Table Tennis,1,0,0
588,caterina banti,ITA,Sailing,1,0,0
589,alexandra patskevich,ROC,Artistic Swimming,1,0,0
590,mariya lasitskene,ROC,Athletics,1,0,0
591,andy cruz,CUB,Boxing,1,0,0
592,julia krajewski,GER,Equestrian,1,0,0
593,nino,BRA,Football,1,0,0
594,filippo ganna,ITA,Cycling Track,1,0,0
595,evgeny rylov,ROC,Swimming,1,0,0
596,evgeny rylov,ROC,Swimming,1,0,0
597,rachel fattal,USA,Water Polo,1,0,0
598,ryoya kurihara,JPN,Baseball/Softball,1,0,0
599,portia woodman,NZL,Rugby Sevens,1,0,0
600,ruby tui,NZL,Rugby Sevens,1,0,0
601,jordan thompson,USA,Volleyball,1,0,0
602,matty lee,GBR,Diving,1,0,0
603,augustin jean j meurmans,BEL,Hockey,1,0,0
604,belinda bencic,SUI,Tennis,1,0,0
605,masato morishita,JPN,Baseball/Softball,1,0,0
606,danuta kozak,HUN,Canoe Sprint,1,0,0
607,izaac stubblety-cook,AUS,Swimming,1,0,0
608,martine grael,BRA,Sailing,1,0,0
609,gabriel martinelli,BRA,Football,1,0,0
610,stephanie labbe,CAN,Football,1,0,0
611,romain lagarde,FRA,Handball,1,0,0
612,max lemke,GER,Canoe Sprint,1,0,0
613,lasha bekauri,GEO,Judo,1,0,0
614,eri yamada,JPN,Baseball/Softball,1,0,0
615,tom mcewen,GBR,Equestrian,1,0,0
616,lidewij welten,NED,Hockey,1,0,0
617,chelsea gray,USA,Basketball,1,0,0
618,katrina lehis,EST,Fencing,1,0,0
619,yu yamamoto,JPN,Baseball/Softball,1,0,0
620,spencer turrin,AUS,Rowing,1,0,0
621,luc abalo,FRA,Handball,1,0,0
622,chi-lin wang,TPE,Badminton,1,0,0
623,kailen sheridan,CAN,Football,1,0,0
624,peres jepchirchir,KEN,Athletics,1,0,0
625,selemon barega,ETH,Athletics,1,0,0
626,felix denayer,BEL,Hockey,1,0,0
627,luis alberto orta sanchez,CUB,Wrestling,1,0,0
628,emma mckeon,AUS,Swimming,1,0,0
629,emma mckeon,AUS,Swimming,1,0,0
630,emma mckeon,AUS,Swimming,1,0,0
631,emma mckeon,AUS,Swimming,1,0,0
632,alberto fernandez,ESP,Shooting,1,0,0
633,allysha chapman,CAN,Football,1,0,0
634,tamas lorincz,HUN,Wrestling,1,0,0
635,dawid tomala,POL,Athletics,1,0,0
636,aaron wolf,JPN,Judo,1,0,0
637,sandra sanchez jaime,ESP,Karate,1,0,0
638,aron szilagyi,HUN,Fencing,1,0,0
639,madison wilson,AUS,Swimming,1,0,0
640,sanguk oh,KOR,Fencing,1,0,0
641,teddy riner,FRA,Judo,1,0,0
642,hugo boucheron,FRA,Rowing,1,0,0
643,ka long cheung,HKG,Fencing,1,0,0
644,tone wieten,NED,Rowing,1,0,0
645,yudai ohno,JPN,Baseball/Softball,1,0,0
646,amanda longan,USA,Water Polo,1,0,0
647,seiya suzuki,JPN,Baseball/Softball,1,0,0
648,paige hauschild,USA,Water Polo,1,0,0
649,cedric charlier,BEL,Hockey,1,0,0
650,albert batyrgaziev,ROC,Boxing,1,0,0
651,phillip wilson,NZL,Rowing,1,0,0
652,jessie fleming,CAN,Football,1,0,0
653,minhee jang,KOR,Archery,1,0,0
654,jin hyek oh,KOR,Archery,1,0,0
655,annemiek van vleuten,NED,Cycling Road,1,0,0
656,mollie o'callaghan,AUS,Swimming,1,0,0
657,mollie o'callaghan,AUS,Swimming,1,0,0
658,kathleen dawson,GBR,Swimming,1,0,0
659,freya anderson,GBR,Swimming,1,0,0
660,sena irie,JPN,Boxing,1,0,0
661,beatrice edwige,FRA,Handball,1,0,0
662,shaunae miller-uibo,BAH,Athletics,1,0,0
663,brenno,BRA,Football,1,0,0
664,javale mcgee,USA,Basketball,1,0,0
665,risako kawai,JPN,Wrestling,1,0,0
666,bam adebayo,USA,Basketball,1,0,0
667,malgorzata holub,POL,Athletics,1,0,0
668,kelsey robinson,USA,Volleyball,1,0,0
669,franziska brausse,GER,Cycling Track,1,0,0
670,eilidh mcintyre,GBR,Sailing,1,0,0
671,briana williams,JAM,Athletics,1,0,0
672,fintan mc carthy,IRL,Rowing,1,0,0
673,jean quiquampoix,FRA,Shooting,1,0,0
674,wojciech nowicki,POL,Athletics,1,0,0
675,alena saili,NZL,Rugby Sevens,1,0,0
676,calum jarvis,GBR,Swimming,1,0,0
677,gabriel menino,BRA,Football,1,0,0
678,keegan palmer,AUS,Skateboarding,1,0,0
679,oceane sercien ugolin,FRA,Handball,1,0,0
680,axel clerget,FRA,Judo,1,0,0
681,daryl bultor,FRA,Volleyball,1,0,0
682,jennifer valente,USA,Cycling Track,1,0,0
683,michael brake,NZL,Rowing,1,0,0
684,allyson felix,USA,Athletics,1,0,0
685,masahiro tanaka,JPN,Baseball/Softball,1,0,0
686,madlen radukanova,BUL,Rhythmic Gymnastics,1,0,0
687,anastasija zolotic,USA,Taekwondo,1,0,0
688,madeline musselman,USA,Water Polo,1,0,0
689,margaret mac neil,CAN,Swimming,1,0,0
690,madison mailey,CAN,Rowing,1,0,0
691,nafissatou thiam,BEL,Athletics,1,0,0
692,devin booker,USA,Basketball,1,0,0
693,alexander hill,AUS,Rowing,1,0,0
694,mohammadreza geraei,IRI,Wrestling,1,0,0
695,jovana prekovic,SRB,Karate,1,0,0
696,harrie lavreysen,NED,Cycling Track,1,0,0
697,harrie lavreysen,NED,Cycling Track,1,0,0
698,tom dean,GBR,Swimming,1,0,0
699,tom dean,GBR,Swimming,1,0,0
700,nevin harrison,USA,Canoe Sprint,1,0,0
701,jrue holiday,USA,Basketball,1,0,0
702,valentina rodini,ITA,Rowing,1,0,0
703,zhiyong shi,CHN,Weightlifting,1,0,0
704,sam bosworth,NZL,Rowing,1,0,0
705,will ryan,AUS,Sailing,1,0,0
706,shohei ono,JPN,Judo,1,0,0
707,lisa klein,GER,Cycling Track,1,0,0
708,abner,BRA,Football,1,0,0
709,paulinho,BRA,Football,1,0,0
710,frederique matla,NED,Hockey,1,0,0
711,jamie neushul,USA,Water Polo,1,0,0
712,ashleigh johnson,USA,Water Polo,1,0,0
713,kate french,GBR,Modern Pentathlon,1,0,0
714,michael cherry,USA,Athletics,1,0,0
715,anna hopkin,GBR,Swimming,1,0,0
716,flora duffy,BER,Triathlon,1,0,0
717,jean van der westhuyzen,AUS,Canoe Sprint,1,0,0
718,edgars krumins,LAT,3x3 Basketball,1,0,0
719,feryal abdelaziz,EGY,Karate,1,0,0
720,makenzie fischer,USA,Water Polo,1,0,0
721,chelsea hodges,AUS,Swimming,1,0,0
722,liliia akhaimova,ROC,Artistic Gymnastics,1,0,0
723,bethany shriever,GBR,Cycling BMX Racing,1,0,0
724,han wang,CHN,Diving,1,0,0
725,andrew wilson,USA,Swimming,1,0,0
726,melissa seidemann,USA,Water Polo,1,0,0
727,ryoji kuribayashi,JPN,Baseball/Softball,1,0,0
728,barbora krejcikova,CZE,Tennis,1,0,0
729,meng chen,CHN,Table Tennis,1,0,0
730,meng chen,CHN,Table Tennis,1,0,0
731,junho kim,KOR,Fencing,1,0,0
732,shelly-ann fraser-pryce,JAM,Athletics,1,0,0
733,reinier,BRA,Football,1,0,0
734,evelyne viens,CAN,Football,1,0,0
735,tom liebscher,GER,Canoe Sprint,1,0,0
736,romain cannone,FRA,Fencing,1,0,0
737,clarisse agbegnenou,FRA,Judo,1,0,0
738,clarisse agbegnenou,FRA,Judo,1,0,0
739,daniel williamson,NZL,Rowing,1,0,0
740,meg harris,AUS,Swimming,1,0,0
741,melvyn richardson,FRA,Handball,1,0,0
742,kaleigh gilchrist,USA,Water Polo,1,0,0
743,shaun kirkham,NZL,Rowing,1,0,0
744,sava randelovic,SRB,Water Polo,1,0,0
745,svetlana romashina,ROC,Artistic Swimming,1,0,0
746,svetlana romashina,ROC,Artistic Swimming,1,0,0
747,takuto otoguro,JPN,Wrestling,1,0,0
748,san an,KOR,Archery,1,0,0
749,san an,KOR,Archery,1,0,0
750,san an,KOR,Archery,1,0,0
751,keldon johnson,USA,Basketball,1,0,0
752,zaurbek sidakov,ROC,Wrestling,1,0,0
753,kelly brazier,NZL,Rugby Sevens,1,0,0
754,je deok kim,KOR,Archery,1,0,0
755,je deok kim,KOR,Archery,1,0,0
756,denis ablyazin,ROC,Artistic Gymnastics,1,0,0
757,wadeline jonathas,USA,Athletics,1,0,0
758,javad foroughi,IRI,Shooting,1,0,0
759,cleopatre darleux,FRA,Handball,1,0,0
760,fares ibrahim e. h. elbakh,QAT,Weightlifting,1,0,0
761,mijain lopez nunez,CUB,Wrestling,1,0,0
762,grace prendergast,NZL,Rowing,1,0,0
763,janja garnbret,SLO,Sport Climbing,1,0,0
764,jordyn poulter,USA,Volleyball,1,0,0
765,massimo stano,ITA,Athletics,1,0,0
766,alys williams,USA,Water Polo,1,0,0
767,gauthier boccard,BEL,Hockey,1,0,0
768,simona radis,ROU,Rowing,1,0,0
769,meli derenalagi,FIJ,Rugby Sevens,1,0,0
770,sarah leonie cysique,FRA,Judo,1,0,0
771,richard carapaz,ECU,Cycling Road,1,0,0
772,loick luypaert,BEL,Hockey,1,0,0
773,lisa roman,CAN,Rowing,1,0,0
774,hannah mills,GBR,Sailing,1,0,0
775,jie dong,CHN,Swimming,1,0,0
776,musa evloev,ROC,Wrestling,1,0,0
777,benjamin toniutti,FRA,Volleyball,1,0,0
778,maude garon charron,CAN,Weightlifting,1,0,0
779,zongyuan wang,CHN,Diving,1,0,0
780,zach lavine,USA,Basketball,1,0,0
781,justyna swiety,POL,Athletics,1,0,0
782,laura asadauskaite,LTU,Modern Pentathlon,0,1,0
783,simeon woods richardson,USA,Baseball/Softball,0,1,0
784,eric filia,USA,Baseball/Softball,0,1,0
785,jenna prandini,USA,Athletics,0,1,0
786,adam varga,HUN,Canoe Sprint,0,1,0
787,blessing oborududu,NGR,Wrestling,0,1,0
788,frederik madsen,DEN,Cycling Track,0,1,0
789,joshua kiprui cheptegei,UGA,Athletics,0,1,0
790,benjamin whittaker,GBR,Boxing,0,1,0
791,anthony zambrano,COL,Athletics,0,1,0
792,karolina naja,POL,Canoe Sprint,0,1,0
793,charlotte lembach,FRA,Fencing,0,1,0
794,gergely siklosi,HUN,Fencing,0,1,0
795,alessandra perilli,SMR,Shooting,0,1,0
796,jack carlin,GBR,Cycling Track,0,1,0
797,dabin lee,KOR,Taekwondo,0,1,0
798,jack beaumont,GBR,Rowing,0,1,0
799,aisuluu tynybekova,KGZ,Wrestling,0,1,0
800,lamecha girma,ETH,Athletics,0,1,0
801,iryna kurachkina,BLR,Wrestling,0,1,0
802,junxuan yang,CHN,Swimming,0,1,0
803,stefan berariu,ROU,Rowing,0,1,0
804,sina frei,SUI,Cycling Mountain Bike,0,1,0
805,maria victoria granatto,ARG,Hockey,0,1,0
806,ngarohi mcgarvey-black,NZL,Rugby Sevens,0,1,0
807,max hoff,GER,Canoe Sprint,0,1,0
808,brigid kosgei,KEN,Athletics,0,1,0
809,jennifer abel,CAN,Diving,0,1,0
810,sunisa lee,USA,Artistic Gymnastics,0,1,0
811,vitalina batsarashkina,ROC,Shooting,0,1,0
812,ruoteng xiao,CHN,Artistic Gymnastics,0,1,0
813,long chen,CHN,Badminton,0,1,0
814,buse naz cakiroglu,TUR,Boxing,0,1,0
815,sharon van rouwendaal,NED,Marathon Swimming,0,1,0
816,rafael aghayev,AZE,Karate,0,1,0
817,lasse norman hansen,DEN,Cycling Track,0,1,0
818,siobhan bernadette haughey,HKG,Swimming,0,1,0
819,siobhan bernadette haughey,HKG,Swimming,0,1,0
820,magnus jacobsen,DEN,Handball,0,1,0
821,jack mcloughlin,AUS,Swimming,0,1,0
822,alessandro miressi,ITA,Swimming,0,1,0
823,mikhail vekovishchev,ROC,Swimming,0,1,0
824,steffen peters,USA,Equestrian,0,1,0
825,sione molia,NZL,Rugby Sevens,0,1,0
826,akira sone,JPN,Judo,0,1,0
827,josie knight,GBR,Cycling Track,0,1,0
828,viktor lorincz,HUN,Wrestling,0,1,0
829,aslan karatsev,ROC,Tennis,0,1,0
830,niklas larsen,DEN,Cycling Track,0,1,0
831,jeremy hayward,AUS,Hockey,0,1,0
832,juan miranda,ESP,Football,0,1,0
833,igor kobzar,ROC,Volleyball,0,1,0
834,sofiya velikaya,ROC,Fencing,0,1,0
835,jessica springsteen,USA,Equestrian,0,1,0
836,lingling liu,CHN,Trampoline Gymnastics,0,1,0
837,shannon izar,FRA,Rugby Sevens,0,1,0
838,katie ledecky,USA,Swimming,0,1,0
839,katie ledecky,USA,Swimming,0,1,0
840,todd frazier,USA,Baseball/Softball,0,1,0
841,maria barrionuevo,ARG,Hockey,0,1,0
842,chloe pelle,FRA,Rugby Sevens,0,1,0
843,olga fomina,ROC,Handball,0,1,0
844,anastasiia galashina,ROC,Shooting,0,1,0
845,ryan murphy,USA,Swimming,0,1,0
846,kye whyte,GBR,Cycling BMX Racing,0,1,0
847,jesper hansen,DEN,Shooting,0,1,0
848,yanning xiao,CHN,Artistic Swimming,0,1,0
849,ana maria popescu,ROU,Fencing,0,1,0
850,tamara csipes,HUN,Canoe Sprint,0,1,0
851,lilly king,USA,Swimming,0,1,0
852,lilly king,USA,Swimming,0,1,0
853,tatjana schoenmaker,RSA,Swimming,0,1,0
854,gabrielle thomas,USA,Athletics,0,1,0
855,dejan georgievski,MKD,Taekwondo,0,1,0
856,tsukasa yoshida,JPN,Judo,0,1,0
857,qing chen chen,CHN,Badminton,0,1,0
858,ymkje clevering,NED,Rowing,0,1,0
859,martin sauer,GER,Rowing,0,1,0
860,filippa angeldal,SWE,Football,0,1,0
861,hannes ocik,GER,Rowing,0,1,0
862,madelen janogy,SWE,Football,0,1,0
863,emil jakobsen,DEN,Handball,0,1,0
864,javier puado,ESP,Football,0,1,0
865,tom dumoulin,NED,Cycling Road,0,1,0
866,anita blaze,FRA,Fencing,0,1,0
867,laurits follert,GER,Rowing,0,1,0
868,natalia kaczmarek,POL,Athletics,0,1,0
869,kelvin hoefler,BRA,Skateboarding,0,1,0
870,stefan broenink,NED,Rowing,0,1,0
871,eko yuli irawan,INA,Weightlifting,0,1,0
872,daniel dhers,VEN,Cycling BMX Freestyle,0,1,0
873,luke greenbank,GBR,Swimming,0,1,0
874,dimitrios skoumpakis,GRE,Water Polo,0,1,0
875,xuechen huang,CHN,Artistic Swimming,0,1,0
876,xuechen huang,CHN,Artistic Swimming,0,1,0
877,laurence vincent-lapointe,CAN,Canoe Sprint,0,1,0
878,david robertson,USA,Baseball/Softball,0,1,0
879,rai benjamin,USA,Athletics,0,1,0
880,yuxi chen,CHN,Diving,0,1,0
881,mclain ward,USA,Equestrian,0,1,0
882,edwin jackson jr,USA,Baseball/Softball,0,1,0
883,ivan iakovlev,ROC,Volleyball,0,1,0
884,timothy cheruiyot,KEN,Athletics,0,1,0
885,peder fredricson,SWE,Equestrian,0,1,0
886,alisa tishchenko,ROC,Rhythmic Gymnastics,0,1,0
887,william warbrick,NZL,Rugby Sevens,0,1,0
888,pau torres,ESP,Football,0,1,0
889,eugenia trinchinetti,ARG,Hockey,0,1,0
890,julie leth,DEN,Cycling Track,0,1,0
891,yuan cao,CHN,Diving,0,1,0
892,shoichiro mukai,JPN,Judo,0,1,0
893,magdalena eriksson,SWE,Football,0,1,0
894,mikel oyarzabal,ESP,Football,0,1,0
895,mugurel vasile semciuc,ROU,Rowing,0,1,0
896,ally carda,USA,Baseball/Softball,0,1,0
897,janie reed,USA,Baseball/Softball,0,1,0
898,arno kamminga,NED,Swimming,0,1,0
899,arno kamminga,NED,Swimming,0,1,0
900,mima ito,JPN,Table Tennis,0,1,0
901,claire curzan,USA,Swimming,0,1,0
902,sofia toccalino,ARG,Hockey,0,1,0
903,sabine schut-kery,USA,Equestrian,0,1,0
904,guram tushishvili,GEO,Judo,0,1,0
905,parviz nasibov,UKR,Wrestling,0,1,0
906,alvaro fernandez,ESP,Football,0,1,0
907,tamara yajaira salazar arce,ECU,Weightlifting,0,1,0
908,polina guryeva,TKM,Weightlifting,0,1,0
909,alex yee,GBR,Triathlon,0,1,0
910,rachel garcia,USA,Baseball/Softball,0,1,0
911,duke ragan,USA,Boxing,0,1,0
912,joe webber,NZL,Rugby Sevens,0,1,0
913,lukas rohan,CZE,Canoe Slalom,0,1,0
914,magnus saugstrup,DEN,Handball,0,1,0
915,saleh elsharabaty,JOR,Taekwondo,0,1,0
916,marta bach pascual,ESP,Water Polo,0,1,0
917,angelos vlachopoulos,GRE,Water Polo,0,1,0
918,etene nanai-seturo,NZL,Rugby Sevens,0,1,0
919,beth ross,NZL,Rowing,0,1,0
920,brandon dickson,USA,Baseball/Softball,0,1,0
921,yuki miyazawa,JPN,Basketball,0,1,0
922,daiki hashimoto,JPN,Artistic Gymnastics,0,1,0
923,matthew walls,GBR,Cycling Track,0,1,0
924,jacob whetton,AUS,Hockey,0,1,0
925,brooke donoghue,NZL,Rowing,0,1,0
926,manon brunet,FRA,Fencing,0,1,0
927,mathias flueckiger,SUI,Cycling Mountain Bike,0,1,0
928,kayla sanchez,CAN,Swimming,0,1,0
929,blair tuke,NZL,Sailing,0,1,0
930,idalys ortiz,CUB,Judo,0,1,0
931,clara espar llaquet,ESP,Water Polo,0,1,0
932,rasmus pedersen,DEN,Cycling Track,0,1,0
933,victoria sauze valdez,ARG,Hockey,0,1,0
934,xijing tang,CHN,Artistic Gymnastics,0,1,0
935,tzu ying tai,TPE,Badminton,0,1,0
936,hao liu,CHN,Canoe Sprint,0,1,0
937,hao liu,CHN,Canoe Sprint,0,1,0
938,keyshawn davis,USA,Boxing,0,1,0
939,alexandros papanastasiou,GRE,Water Polo,0,1,0
940,pili pena,ESP,Water Polo,0,1,0
941,eivind henriksen,NOR,Athletics,0,1,0
942,tandara caixeta,BRA,Volleyball,0,1,0
943,maialen chourraut,ESP,Canoe Slalom,0,1,0
944,lydia jacoby,USA,Swimming,0,1,0
945,anastasiia tatareva,ROC,Rhythmic Gymnastics,0,1,0
946,joshua beltz,AUS,Hockey,0,1,0
947,emily jade campbell,GBR,Weightlifting,0,1,0
948,eddie ockenden,AUS,Hockey,0,1,0
949,anne-cecile ciofani,FRA,Rugby Sevens,0,1,0
950,joe kovacs,USA,Athletics,0,1,0
951,tomoru honda,JPN,Swimming,0,1,0
952,andrew albicy,FRA,Basketball,0,1,0
953,hanna prakatsen,ROC,Rowing,0,1,0
954,shiwen liu,CHN,Table Tennis,0,1,0
955,beatriz ortiz munoz,ESP,Water Polo,0,1,0
956,jakub vadlejch,CZE,Athletics,0,1,0
957,brendon rodney,CAN,Athletics,0,1,0
958,evelyn mawuli,JPN,Basketball,0,1,0
959,laura tarantola,FRA,Rowing,0,1,0
960,yufei zhang,CHN,Swimming,0,1,0
961,yufei zhang,CHN,Swimming,0,1,0
962,jakub grigar,SVK,Canoe Slalom,0,1,0
963,lea sophie friedrich,GER,Cycling Track,0,1,0
964,rebecca smith,CAN,Swimming,0,1,0
965,liemarvin bonevacia,NED,Athletics,0,1,0
966,ilia karpenkov,ROC,3x3 Basketball,0,1,0
967,valentin golubev,ROC,Volleyball,0,1,0
968,mykayla skinner,USA,Artistic Gymnastics,0,1,0
969,saeid mollaei,MGL,Judo,0,1,0
970,xiaoyan yin,CHN,Karate,0,1,0
971,luca curatoli,ITA,Fencing,0,1,0
972,agnieszka skrzypulec,POL,Sailing,0,1,0
973,andre de grasse,CAN,Athletics,0,1,0
974,iakobi kajaia,GEO,Wrestling,0,1,0
975,santo condorelli,ITA,Swimming,0,1,0
976,ksenia perova,ROC,Archery,0,1,0
977,takeru kitazono,JPN,Artistic Gymnastics,0,1,0
978,malte jakschik,GER,Rowing,0,1,0
979,olena starikova,UKR,Cycling Track,0,1,0
980,nicholas martinez,USA,Baseball/Softball,0,1,0
981,haylie mc cleney,USA,Baseball/Softball,0,1,0
982,teresa portela,ESP,Canoe Sprint,0,1,0
983,anna pulawska,POL,Canoe Sprint,0,1,0
984,olivia schough,SWE,Football,0,1,0
985,marlen reusser,SUI,Cycling Road,0,1,0
986,elena ruiz,ESP,Water Polo,0,1,0
987,amanda ilestedt,SWE,Football,0,1,0
988,caleb shepherd,NZL,Rowing,0,1,0
989,oscar gil,ESP,Football,0,1,0
990,timur safin,ROC,Fencing,0,1,0
991,manfredi rizza,ITA,Canoe Sprint,0,1,0
992,rebeca andrade,BRA,Artistic Gymnastics,0,1,0
993,jay litherland,USA,Swimming,0,1,0
994,nathalie bjorn,SWE,Football,0,1,0
995,jeffrey hoogland,NED,Cycling Track,0,1,0
996,vladislav mylnikov,ROC,Fencing,0,1,0
997,lachlan thomas sharp,AUS,Hockey,0,1,0
998,dimitry volkov,ROC,Volleyball,0,1,0
999,anabel medina ventura,DOM,Athletics,0,1,0
1000,artem volvich,ROC,Volleyball,0,1,0
1001,marta wieliczko,POL,Rowing,0,1,0
1002,himawari akaho,JPN,Basketball,0,1,0
1003,hifumi abe,JPN,Judo,0,1,0
1004,laura muir,GBR,Athletics,0,1,0
1005,mark kolozsvary,USA,Baseball/Softball,0,1,0
1006,sergey kamenskiy,ROC,Shooting,0,1,0
1007,anastasiia maksimova,ROC,Rhythmic Gymnastics,0,1,0
1008,tonci stipanovic,CRO,Sailing,0,1,0
1009,daniel beale,AUS,Hockey,0,1,0
1010,zecira musovic,SWE,Football,0,1,0
1011,fridolina rolfo,SWE,Football,0,1,0
1012,dimitrij ovtcharov,GER,Table Tennis,0,1,0
1013,ana carolina da silva,BRA,Volleyball,0,1,0
1014,svetlana gomboeva,ROC,Archery,0,1,0
1015,fernanda rodrigues,BRA,Volleyball,0,1,0
1016,thomas heurtel,FRA,Basketball,0,1,0
1017,zsombor berecz,HUN,Sailing,0,1,0
1018,dalilah muhammad,USA,Athletics,0,1,0
1019,azizulhasni awang,MAS,Cycling Track,0,1,0
1020,emma weyant,USA,Swimming,0,1,0
1021,angelina shkatova,ROC,Rhythmic Gymnastics,0,1,0
1022,miku tashiro,JPN,Judo,0,1,0
1023,katarzyna zillmann,POL,Rowing,0,1,0
1024,richard schmidt,GER,Rowing,0,1,0
1025,scott kazmir,USA,Baseball/Softball,0,1,0
1026,richard torrez jr,USA,Boxing,0,1,0
1027,jacob schopf,GER,Canoe Sprint,0,1,0
1028,akzhol makhmudov,KGZ,Wrestling,0,1,0
1029,marcus cooper,ESP,Canoe Sprint,0,1,0
1030,jonna andersson,SWE,Football,0,1,0
1031,ravi kumar dahiya,IND,Wrestling,0,1,0
1032,anastasiia chetverikova,UKR,Canoe Sprint,0,1,0
1033,tim mikkelson,NZL,Rugby Sevens,0,1,0
1034,hanna glas,SWE,Football,0,1,0
1035,qian li,CHN,Boxing,0,1,0
1036,english gardner,USA,Athletics,0,1,0
1037,daniele garozzo,ITA,Fencing,0,1,0
1038,kristof rasovszky,HUN,Marathon Swimming,0,1,0
1039,pat mccormack,GBR,Boxing,0,1,0
1040,martin malyutin,ROC,Swimming,0,1,0
1041,nesthy petecio,PHI,Boxing,0,1,0
1042,chizuru arai,JPN,Judo,0,1,0
1043,roberta ratzke,BRA,Volleyball,0,1,0
1044,cosmin pascari,ROU,Rowing,0,1,0
1045,kyle chalmers,AUS,Swimming,0,1,0
1046,bryan gil,ESP,Football,0,1,0
1047,vasilisa stepanova,ROC,Rowing,0,1,0
1048,luis javier mosquera lozano,COL,Weightlifting,0,1,0
1049,ariarne titmus,AUS,Swimming,0,1,0
1050,valentina isabel costa biondi,ARG,Hockey,0,1,0
1051,dina averina,ROC,Rhythmic Gymnastics,0,1,0
1052,oleksandr khyzhniak,UKR,Boxing,0,1,0
1053,zheng wang,CHN,Athletics,0,1,0
1054,mikkel hansen,DEN,Handball,0,1,0
1055,camille grassineau,FRA,Rugby Sevens,0,1,0
1056,ahmed elgendy,EGY,Modern Pentathlon,0,1,0
1057,inna deriglazova,ROC,Fencing,0,1,0
1058,keydomar giovanni vallenilla sanchez,VEN,Weightlifting,0,1,0
1059,manuel frigo,ITA,Swimming,0,1,0
1060,martin zubimendi,ESP,Football,0,1,0
1061,ysaora thibus,FRA,Fencing,0,1,0
1062,marius cozmiuc,ROU,Rowing,0,1,0
1063,anastasiia iliankova,ROC,Artistic Gymnastics,0,1,0
1064,chloe jacquet,FRA,Rugby Sevens,0,1,0
1065,mallory franklin,GBR,Canoe Slalom,0,1,0
1066,andrew capobianco,USA,Diving,0,1,0
1067,terrence agard,NED,Athletics,0,1,0
1068,polina gorshkova,ROC,Handball,0,1,0
1069,guerschon yabusele,FRA,Basketball,0,1,0
1070,hannah roberts,USA,Cycling BMX Freestyle,0,1,0
1071,maica garcia godoy,ESP,Water Polo,0,1,0
1072,hellen onsando obiri,KEN,Athletics,0,1,0
1073,nando de colo,FRA,Basketball,0,1,0
1074,kayle browning,USA,Shooting,0,1,0
1075,amandine buchard,FRA,Judo,0,1,0
1076,leuris pupo,CUB,Shooting,0,1,0
1077,kerri gowler,NZL,Rowing,0,1,0
1078,sera song,KOR,Fencing,0,1,0
1079,konstantinos mourikis,GRE,Water Polo,0,1,0
1080,caroline drouin,FRA,Rugby Sevens,0,1,0
1081,haji aliyev,AZE,Wrestling,0,1,0
1082,viktorija golubic,SUI,Tennis,0,1,0
1083,penny oleksiak,CAN,Swimming,0,1,0
1084,maxim mikhaylov,ROC,Volleyball,0,1,0
1085,alexander zuev,ROC,3x3 Basketball,0,1,0
1086,anna anvegard,SWE,Football,0,1,0
1087,emma dyke,NZL,Rowing,0,1,0
1088,henrik toft hansen,DEN,Handball,0,1,0
1089,morgan pearson,USA,Triathlon,0,1,0
1090,eddy alvarez,USA,Baseball/Softball,0,1,0
1091,valentina raposo ruiz de los llanos,ARG,Hockey,0,1,0
1092,joshua simmonds,AUS,Hockey,0,1,0
1093,kevin moller,DEN,Handball,0,1,0
1094,agnieszka kobus,POL,Rowing,0,1,0
1095,ella greenslade,NZL,Rowing,0,1,0
1096,abbey weitzeil,USA,Swimming,0,1,0
1097,bubba starling,USA,Baseball/Softball,0,1,0
1098,john gimson,GBR,Sailing,0,1,0
1099,melissa citrini beaulieu,CAN,Diving,0,1,0
1100,jakob schneider,GER,Rowing,0,1,0
1101,chih kai lee,TPE,Artistic Gymnastics,0,1,0
1102,marc cucurella,ESP,Football,0,1,0
1103,yulia kozik,ROC,3x3 Basketball,0,1,0
1104,bradly sinden,GBR,Taekwondo,0,1,0
1105,naho miyoshi,JPN,Basketball,0,1,0
1106,raven saunders,USA,Athletics,0,1,0
1107,mariafe artacho del solar,AUS,Beach Volleyball,0,1,0
1108,gregorio paltrinieri,ITA,Swimming,0,1,0
1109,viktoriia kalinina,ROC,Handball,0,1,0
1110,nanako todo,JPN,Basketball,0,1,0
1111,maria andrejczyk,POL,Athletics,0,1,0
1112,ferguson cheruiyot rotich,KEN,Athletics,0,1,0
1113,polina vedekhina,ROC,Handball,0,1,0
1114,emma hinze,GER,Cycling Track,0,1,0
1115,nicola mcdermott,AUS,Athletics,0,1,0
1116,delfina merino,ARG,Hockey,0,1,0
1117,anton borodachev,ROC,Fencing,0,1,0
1118,maryna litvinchuk,BLR,Canoe Sprint,0,1,0
1119,madeleine malonga,FRA,Judo,0,1,0
1120,taliqua clancy,AUS,Beach Volleyball,0,1,0
1121,flynn ogilvie,AUS,Hockey,0,1,0
1122,hong gu,CHN,Boxing,0,1,0
1123,chengxin yin,CHN,Artistic Swimming,0,1,0
1124,katie archibald,GBR,Cycling Track,0,1,0
1125,eric garcia,ESP,Football,0,1,0
1126,mihaita tiganescu,ROU,Rowing,0,1,0
1127,christopher nilsen,USA,Athletics,0,1,0
1128,patricia mamona,POR,Athletics,0,1,0
1129,james guy,GBR,Swimming,0,1,0
1130,stylianos argyropoulos kanakakis,GRE,Water Polo,0,1,0
1131,luguelin santos,DOM,Athletics,0,1,0
1132,yu feng,CHN,Artistic Swimming,0,1,0
1133,jason kenny,GBR,Cycling Track,0,1,0
1134,victor poletaev,ROC,Volleyball,0,1,0
1135,marios kapotsis,GRE,Water Polo,0,1,0
1136,paula leiton arrones,ESP,Water Polo,0,1,0
1137,hyein lee,KOR,Fencing,0,1,0
1138,konstantinos genidounias,GRE,Water Polo,0,1,0
1139,diana bacosi,ITA,Shooting,0,1,0
1140,anna kielbasinska,POL,Athletics,0,1,0
1141,mathias gidsel,DEN,Handball,0,1,0
1142,aran zalewski,AUS,Hockey,0,1,0
1143,matthew dawson,AUS,Hockey,0,1,0
1144,li guo,CHN,Artistic Swimming,0,1,0
1145,minjung kim,KOR,Shooting,0,1,0
1146,fred kerley,USA,Athletics,0,1,0
1147,mikhail dovgalyuk,ROC,Swimming,0,1,0
1148,aaron brown,CAN,Athletics,0,1,0
1149,rafa mir,ESP,Football,0,1,0
1150,sandra arenas,COL,Athletics,0,1,0
1151,ekaterina ilina,ROC,Handball,0,1,0
1152,henrik mollgaard jensen,DEN,Handball,0,1,0
1153,rory sabbatini,SVK,Golf,0,1,0
1154,cat osterman,USA,Baseball/Softball,0,1,0
1155,kyle frederick snyder,USA,Wrestling,0,1,0
1156,qiuyun liao,CHN,Weightlifting,0,1,0
1157,kristof kristof milak,HUN,Swimming,0,1,0
1158,roser tarrago aymerich,ESP,Water Polo,0,1,0
1159,erica sullivan,USA,Swimming,0,1,0
1160,anna sedoykina,ROC,Handball,0,1,0
1161,adam peaty,GBR,Swimming,0,1,0
1162,tina lutz,GER,Sailing,0,1,0
1163,thomas barras,GBR,Rowing,0,1,0
1164,sergey khodos,ROC,Fencing,0,1,0
1165,shori hamada,JPN,Judo,0,1,0
1166,aisen chen,CHN,Diving,0,1,0
1167,campbell stewart,NZL,Cycling Track,0,1,0
1168,andrew knewstubb,NZL,Rugby Sevens,0,1,0
1169,keely hodgkinson,GBR,Athletics,0,1,0
1170,enrico berre',ITA,Fencing,0,1,0
1171,lina guerin,FRA,Rugby Sevens,0,1,0
1172,olaf roggensack,GER,Rowing,0,1,0
1173,qianyu pang,CHN,Wrestling,0,1,0
1174,antoaneta boneva,BUL,Shooting,0,1,0
1175,iga baumgart,POL,Athletics,0,1,0
1176,gian marco berti,SMR,Shooting,0,1,0
1177,jordan chiles,USA,Artistic Gymnastics,0,1,0
1178,trent grant mitton,AUS,Hockey,0,1,0
1179,anni espar llaquet,ESP,Water Polo,0,1,0
1180,uta abe,JPN,Judo,0,1,0
1181,nadzeya liapeshka,BLR,Canoe Sprint,0,1,0
1182,micaela retegui,ARG,Hockey,0,1,0
1183,adrienne lyle,USA,Equestrian,0,1,0
1184,lidio andres feliz,DOM,Athletics,0,1,0
1185,jessica parratto,USA,Diving,0,1,0
1186,nick allen,USA,Baseball/Softball,0,1,0
1187,astrid guyart,FRA,Fencing,0,1,0
1188,konstantinos gkiouvetsis,GRE,Water Polo,0,1,0
1189,claire bove,FRA,Rowing,0,1,0
1190,niklas landin jacobsen,DEN,Handball,0,1,0
1191,tim brand,AUS,Hockey,0,1,0
1192,chih-chun tang,TPE,Archery,0,1,0
1193,yingsha sun,CHN,Table Tennis,0,1,0
1194,monica abbott,USA,Baseball/Softball,0,1,0
1195,simone biles,USA,Artistic Gymnastics,0,1,0
1196,moeko nagaoka,JPN,Basketball,0,1,0
1197,kanoa igarashi,JPN,Surfing,0,1,0
1198,blake govers,AUS,Hockey,0,1,0
1199,fanny horta,FRA,Rugby Sevens,0,1,0
1200,mikel merino,ESP,Football,0,1,0
1201,vladlena bobrovnikova,ROC,Handball,0,1,0
1202,lucy spoors,NZL,Rowing,0,1,0
1203,sofia jakobsson,SWE,Football,0,1,0
1204,amalie dideriksen,DEN,Cycling Track,0,1,0
1205,aldo montano,ITA,Fencing,0,1,0
1206,anastasia bliznyuk,ROC,Rhythmic Gymnastics,0,1,0
1207,jerome blake,CAN,Athletics,0,1,0
1208,lasse andersson,DEN,Handball,0,1,0
1209,anastasiia logunova,ROC,3x3 Basketball,0,1,0
1210,kasumi ishikawa,JPN,Table Tennis,0,1,0
1211,anthony gose,USA,Baseball/Softball,0,1,0
1212,chanu saikhom mirabai chanu,IND,Weightlifting,0,1,0
1213,kelsey stewart,USA,Baseball/Softball,0,1,0
1214,kenneth bednarek,USA,Athletics,0,1,0
1215,dylan martin,AUS,Hockey,0,1,0
1216,wout van aert,BEL,Cycling Road,0,1,0
1217,sarah sjoestroem,SWE,Swimming,0,1,0
1218,anton dahlberg,SWE,Sailing,0,1,0
1219,yanan sun,CHN,Wrestling,0,1,0
1220,tin srbic,CRO,Artistic Gymnastics,0,1,0
1221,mykhailo romanchuk,UKR,Swimming,0,1,0
1222,agostina alonso,ARG,Hockey,0,1,0
1223,jesus vallejo,ESP,Football,0,1,0
1224,jun hui li,CHN,Badminton,0,1,0
1225,nathaniel coleman,USA,Sport Climbing,0,1,0
1226,volha khudzenka,BLR,Canoe Sprint,0,1,0
1227,courtney frerichs,USA,Athletics,0,1,0
1228,maki takada,JPN,Basketball,0,1,0
1229,christine mboma,NAM,Athletics,0,1,0
1230,tatiana kudashova,ROC,Taekwondo,0,1,0
1231,camila brait,BRA,Volleyball,0,1,0
1232,james wilby,GBR,Swimming,0,1,0
1233,takanori nagase,JPN,Judo,0,1,0
1234,nikita glazkov,ROC,Fencing,0,1,0
1235,mads mensah larsen,DEN,Handball,0,1,0
1236,torben johannesen,GER,Rowing,0,1,0
1237,andrew charter,AUS,Hockey,0,1,0
1238,caroline gattaz,BRA,Volleyball,0,1,0
1239,simon martirosyan,ARM,Weightlifting,0,1,0
1240,kurt baker,NZL,Rugby Sevens,0,1,0
1241,saul craviotto,ESP,Canoe Sprint,0,1,0
1242,julia roddar,SWE,Football,0,1,0
1243,pavel sukhov,ROC,Fencing,0,1,0
1244,ivan girev,ROC,Swimming,0,1,0
1245,ciprian tudosa,ROU,Rowing,0,1,0
1246,carlos arevalo lopez,ESP,Canoe Sprint,0,1,0
1247,funa tonaki,JPN,Judo,0,1,0
1248,elena osipova,ROC,Archery,0,1,0
1249,elena osipova,ROC,Archery,0,1,0
1250,hedvig lindahl,SWE,Football,0,1,0
1251,iryna zaretska,AZE,Karate,0,1,0
1252,angus groom,GBR,Rowing,0,1,0
1253,ellen hogerwerf,NED,Rowing,0,1,0
1254,belen succi,ARG,Hockey,0,1,0
1255,xinping liang,CHN,Artistic Swimming,0,1,0
1256,aleksandr krasnykh,ROC,Swimming,0,1,0
1257,jacob holm,DEN,Handball,0,1,0
1258,judith forca ariza,ESP,Water Polo,0,1,0
1259,lasse svan hansen,DEN,Handball,0,1,0
1260,miho nonaka,JPN,Sport Climbing,0,1,0
1261,moustapha fall,FRA,Basketball,0,1,0
1262,muslim gadzhimagomedov,ROC,Boxing,0,1,0
1263,taylor knibb,USA,Triathlon,0,1,0
1264,maria emilia forcherio,ARG,Hockey,0,1,0
1265,rui machida,JPN,Basketball,0,1,0
1266,geno petriashvili,GEO,Wrestling,0,1,0
1267,mone inami,JPN,Golf,0,1,0
1268,kylie masse,CAN,Swimming,0,1,0
1269,kylie masse,CAN,Swimming,0,1,0
1270,iuliia managarova,ROC,Handball,0,1,0
1271,yi fan jia,CHN,Badminton,0,1,0
1272,tom craig,AUS,Hockey,0,1,0
1273,johan hansen,DEN,Handball,0,1,0
1274,marketa vondrousova,CZE,Tennis,0,1,0
1275,ethan hayter,GBR,Cycling Track,0,1,0
1276,jochem dobber,NED,Athletics,0,1,0
1277,karolien florijn,NED,Rowing,0,1,0
1278,kseniia makeeva,ROC,Handball,0,1,0
1279,ryan owens,GBR,Cycling Track,0,1,0
1280,lauren williams,GBR,Taekwondo,0,1,0
1281,paige madden,USA,Swimming,0,1,0
1282,michaela polleres,AUT,Judo,0,1,0
1283,georgia taylor-brown,GBR,Triathlon,0,1,0
1284,triston casas,USA,Baseball/Softball,0,1,0
1285,giorgia bordignon,ITA,Weightlifting,0,1,0
1286,amanda chidester,USA,Baseball/Softball,0,1,0
1287,eray samdan,TUR,Karate,0,1,0
1288,ramsey angela,NED,Athletics,0,1,0
1289,tina trstenjak,SLO,Judo,0,1,0
1290,dylan collier,NZL,Rugby Sevens,0,1,0
1291,rudy gobert,FRA,Basketball,0,1,0
1292,stanislav sharov,ROC,3x3 Basketball,0,1,0
1293,anzhelika terliuga,UKR,Karate,0,1,0
1294,hao you,CHN,Artistic Gymnastics,0,1,0
1295,carlo paalam,PHI,Boxing,0,1,0
1296,yu chen liu,CHN,Badminton,0,1,0
1297,kalkidan gezahegne,BRN,Athletics,0,1,0
1298,laura kenny,GBR,Cycling Track,0,1,0
1299,katie zaferes,USA,Triathlon,0,1,0
1300,simon pettersson,SWE,Athletics,0,1,0
1301,oleg stoyanovskiy,ROC,Beach Volleyball,0,1,0
1302,scott curry,NZL,Rugby Sevens,0,1,0
1303,julieta jankunas,ARG,Hockey,0,1,0
1304,tone ng shiu,NZL,Rugby Sevens,0,1,0
1305,olga frolkina,ROC,3x3 Basketball,0,1,0
1306,marco asensio,ESP,Football,0,1,0
1307,kirill pisklov,ROC,3x3 Basketball,0,1,0
1308,ali aguilar,USA,Baseball/Softball,0,1,0
1309,koki ikeda,JPN,Athletics,0,1,0
1310,daria dmitrieva,ROC,Handball,0,1,0
1311,anzhelika sidorova,ROC,Athletics,0,1,0
1312,jack lopez,USA,Baseball/Softball,0,1,0
1313,dong dong,CHN,Trampoline Gymnastics,0,1,0
1314,evan fournier,FRA,Basketball,0,1,0
1315,lukas dauser,GER,Artistic Gymnastics,0,1,0
1316,karen khachanov,ROC,Tennis,0,1,0
1317,cocona hiraki,JPN,Skateboarding,0,1,0
1318,laura kraut,USA,Equestrian,0,1,0
1319,tim howard,AUS,Hockey,0,1,0
1320,eduard trippel,GER,Judo,0,1,0
1321,brooke forde,USA,Swimming,0,1,0
1322,liudmyla luzan,UKR,Canoe Sprint,0,1,0
1323,taylor madison ruck,CAN,Swimming,0,1,0
1324,ya qiong huang,CHN,Badminton,0,1,0
1325,charline picon,FRA,Sailing,0,1,0
1326,irene gonzalez lopez,ESP,Water Polo,0,1,0
1327,mike hixon,,,0,0,1
1328,regan ware,NZL,Rugby Sevens,0,1,0
1329,fredrik bergstrom,SWE,Sailing,0,1,0
1330,ivan dodig,CRO,Tennis,0,1,0
1331,evgeniia frolkina,ROC,3x3 Basketball,0,1,0
1332,elena mikhaylichenko,ROC,Handball,0,1,0
1333,hassan aliazam yazdanicharati,IRI,Wrestling,0,1,0
1334,arabella sims,USA,Swimming,0,1,0
1335,regan smith,USA,Swimming,0,1,0
1336,regan smith,USA,Swimming,0,1,0
1337,xin xu,CHN,Table Tennis,0,1,0
1338,mohammed ahmed,CAN,Athletics,0,1,0
1339,shane rose,AUS,Equestrian,0,1,0
1340,isabell werth,GER,Equestrian,0,1,0
1341,michelle moultrie,USA,Baseball/Softball,0,1,0
1342,melvin twellaar,NED,Rowing,0,1,0
1343,tim federowicz,USA,Baseball/Softball,0,1,0
1344,anthony carter,USA,Baseball/Softball,0,1,0
1345,konstantinos galanidis,GRE,Water Polo,0,1,0
1346,harry leask,GBR,Rowing,0,1,0
1347,qianyi wang,CHN,Artistic Swimming,0,1,0
1348,wataru tanigawa,JPN,Artistic Gymnastics,0,1,0
1349,timo boll,GER,Table Tennis,0,1,0
1350,delaney spaulding,USA,Baseball/Softball,0,1,0
1351,mary carolynn tucker,USA,Shooting,0,1,0
1352,kevin mcdowell,USA,Triathlon,0,1,0
1353,kristin pudenz,GER,Athletics,0,1,0
1354,pauline ranvier,FRA,Fencing,0,1,0
1355,kazuma kaya,JPN,Artistic Gymnastics,0,1,0
1356,miu hirano,JPN,Table Tennis,0,1,0
1357,thomas goyard,FRA,Sailing,0,1,0
1358,jonathan hilbert,GER,Athletics,0,1,0
1359,bianca buitendag,RSA,Surfing,0,1,0
1360,scott mcgough,USA,Baseball/Softball,0,1,0
1361,jon moncayola,ESP,Football,0,1,0
1362,hisayoshi harasawa,JPN,Judo,0,1,0
1363,duncan scott,GBR,Swimming,0,1,0
1364,duncan scott,GBR,Swimming,0,1,0
1365,duncan scott,GBR,Swimming,0,1,0
1366,antonina skorobogatchenko,ROC,Handball,0,1,0
1367,zhendong fan,CHN,Table Tennis,0,1,0
1368,marileidy paulino,DOM,Athletics,0,1,0
1369,marileidy paulino,DOM,Athletics,0,1,0
1370,vincent poirier,FRA,Basketball,0,1,0
1371,grant holloway,USA,Athletics,0,1,0
1372,gabriela bayardo,NED,Archery,0,1,0
1373,jamie westbrook,USA,Baseball/Softball,0,1,0
1374,artem chernousov,ROC,Shooting,0,1,0
1375,coralie bertrand,FRA,Rugby Sevens,0,1,0
1376,young mi kang,KOR,Fencing,0,1,0
1377,artur aleksanyan,ARM,Wrestling,0,1,0
1378,torri huske,USA,Swimming,0,1,0
1379,peter burling,NZL,Sailing,0,1,0
1380,evgeny rylov,ROC,Swimming,0,1,0
1381,steve wijler,NED,Archery,0,1,0
1382,cecilia berder,FRA,Fencing,0,1,0
1383,jennifer falk,SWE,Football,0,1,0
1384,ana beatriz correa,BRA,Volleyball,0,1,0
1385,sara balzer,FRA,Fencing,0,1,0
1386,nako motohashi,JPN,Basketball,0,1,0
1387,belinda bencic,SUI,Tennis,0,1,0
1388,yulia zykova,ROC,Shooting,0,1,0
1389,ryder ryan,USA,Baseball/Softball,0,1,0
1390,susann beucke,GER,Sailing,0,1,0
1391,timothe luwawu cabarrot,FRA,Basketball,0,1,0
1392,kliment kolesnikov,ROC,Swimming,0,1,0
1393,yaming zhu,CHN,Athletics,0,1,0
1394,lorenzo zazzeri,ITA,Swimming,0,1,0
1395,frank ntilikina,FRA,Basketball,0,1,0
1396,andrew hoy,AUS,Equestrian,0,1,0
1397,guham cho,KOR,Judo,0,1,0
1398,allison schmitt,USA,Swimming,0,1,0
1399,maria sanchez gonzalez,ESP,Water Polo,0,1,0
1400,maria springwald,POL,Rowing,0,1,0
1401,shane baz,USA,Baseball/Softball,0,1,0
1402,morten olsen,DEN,Handball,0,1,0
1403,tom mcewen,GBR,Equestrian,0,1,0
1404,patrick kivlehan,USA,Baseball/Softball,0,1,0
1405,jiayu xu,CHN,Swimming,0,1,0
1406,damian quintero,ESP,Karate,0,1,0
1407,tareg hamedi,KSA,Karate,0,1,0
1408,si wei zheng,CHN,Badminton,0,1,0
1409,jason osborne,GER,Rowing,0,1,0
1410,ivan villar,ESP,Football,0,1,0
1411,juan miguel echevarria,CUB,Athletics,0,1,0
1412,mauro nespoli,ITA,Archery,0,1,0
1413,patrick franziska,GER,Table Tennis,0,1,0
1414,tom joseph wickham,AUS,Hockey,0,1,0
1415,tony van diepen,NED,Athletics,0,1,0
1416,yumi kajihara,JPN,Cycling Track,0,1,0
1417,pavel pankov,ROC,Volleyball,0,1,0
1418,monica okoye,JPN,Basketball,0,1,0
1419,abdi nageeye,NED,Athletics,0,1,0
1420,aaron wolf,JPN,Judo,0,1,0
1421,lina hurtig,SWE,Football,0,1,0
1422,jian yang,CHN,Diving,0,1,0
1423,saki hayashi,JPN,Basketball,0,1,0
1424,lihao sheng,CHN,Shooting,0,1,0
1425,rosamaria montibeller,BRA,Volleyball,0,1,0
1426,mahamedkhabib kadzimahamedau,BLR,Wrestling,0,1,0
1427,ana cristina menezes oliveira de souza,BRA,Volleyball,0,1,0
1428,yu-cheng deng,TPE,Archery,0,1,0
1429,elena oriabinskaia,ROC,Rowing,0,1,0
1430,elena vesnina,ROC,Tennis,0,1,0
1431,aleia hobbs,USA,Athletics,0,1,0
1432,seraphine okemba,FRA,Rugby Sevens,0,1,0
1433,carla neisen,FRA,Rugby Sevens,0,1,0
1434,kathryn mc laughlin,USA,Swimming,0,1,0
1435,yung wei yang,TPE,Judo,0,1,0
1436,tyler austin,USA,Baseball/Softball,0,1,0
1437,maria granatto,ARG,Hockey,0,1,0
1438,annemiek van vleuten,NED,Cycling Road,0,1,0
1439,neah evans,GBR,Cycling Track,0,1,0
1440,david kostelecky,CZE,Shooting,0,1,0
1441,alexander ogando,DOM,Athletics,0,1,0
1442,laura ester ramos,ESP,Water Polo,0,1,0
1443,julio ruben mayora pernia,VEN,Weightlifting,0,1,0
1444,javianne oliver,USA,Athletics,0,1,0
1445,rocio sanchez moccia,ARG,Hockey,0,1,0
1446,nicolas batum,FRA,Basketball,0,1,0
1447,emmanouil zerdevas,GRE,Water Polo,0,1,0
1448,malgorzata holub,POL,Athletics,0,1,0
1449,anouk vetter,NED,Athletics,0,1,0
1450,denis bogdan,ROC,Volleyball,0,1,0
1451,katherine elizabeth nye,USA,Weightlifting,0,1,0
1452,damir mikec,SRB,Shooting,0,1,0
1453,viacheslav krasilnikov,ROC,Beach Volleyball,0,1,0
1454,vazha margvelashvili,GEO,Judo,0,1,0
1455,ali davoudi,IRI,Weightlifting,0,1,0
1456,ilyas kurkaev,ROC,Volleyball,0,1,0
1457,brittney reese,USA,Athletics,0,1,0
1458,grace mccallum,USA,Artistic Gymnastics,0,1,0
1459,kenichiro fumita,JPN,Wrestling,0,1,0
1460,ellesse andrews,NZL,Cycling Track,0,1,0
1461,macris fernanda silva carneiro,BRA,Volleyball,0,1,0
1462,anna vyakhireva,ROC,Handball,0,1,0
1463,saori miyazaki,JPN,Basketball,0,1,0
1464,pedri gonzalez,ESP,Football,0,1,0
1465,amanaki nicole,NZL,Rugby Sevens,0,1,0
1466,florent manaudou,FRA,Swimming,0,1,0
1467,hannah osborne,NZL,Rowing,0,1,0
1468,kiyou shimizu,JPN,Karate,0,1,0
1469,agustina albertarrio,ARG,Hockey,0,1,0
1470,sofia maccari,ARG,Hockey,0,1,0
1471,zibei yan,CHN,Swimming,0,1,0
1472,ioannis fountoulis,GRE,Water Polo,0,1,0
1473,carlos soler,ESP,Football,0,1,0
1474,kelsey bevan,NZL,Rowing,0,1,0
1475,hanna bennison,SWE,Football,0,1,0
1476,dani olmo,ESP,Football,0,1,0
1477,yaroslav podlesnykh,ROC,Volleyball,0,1,0
1478,margaret mac neil,CAN,Swimming,0,1,0
1479,rayssa leal,BRA,Skateboarding,0,1,0
1480,adeline maria gray,,,0,0,1
1481,unai simon,ESP,Football,0,1,0
1482,rebecka blomqvist,SWE,Football,0,1,0
1483,chun-heng wei,TPE,Archery,0,1,0
1484,josefin olsson,SWE,Sailing,0,1,0
1485,lasha shavdatuashvili,GEO,Judo,0,1,0
1486,shohei ono,JPN,Judo,0,1,0
1487,teahna daniels,USA,Athletics,0,1,0
1488,marin cilic,CRO,Tennis,0,1,0
1489,mariana pajn,COL,Cycling BMX Racing,0,1,0
1490,natalia pereira,BRA,Volleyball,0,1,0
1491,aubree munro,USA,Baseball/Softball,0,1,0
1492,zacarias bonnat michel,DOM,Weightlifting,0,1,0
1493,sergey bida,ROC,Fencing,0,1,0
1494,johannes weissenfeld,GER,Rowing,0,1,0
1495,stina blackstenius,SWE,Football,0,1,0
1496,pengfei zheng,CHN,Canoe Sprint,0,1,0
1497,agustina gorzelany,ARG,Hockey,0,1,0
1498,anna sen,ROC,Handball,0,1,0
1499,christodoulos kolomvos,GRE,Water Polo,0,1,0
1500,valerie arioto,USA,Baseball/Softball,0,1,0
1501,dani ceballos,ESP,Football,0,1,0
1502,jonathan rommelmann,GER,Rowing,0,1,0
1503,kendra harrison,USA,Athletics,0,1,0
1504,rhyan elizabeth white,USA,Swimming,0,1,0
1505,rodrigo germade barreiro,ESP,Canoe Sprint,0,1,0
1506,han wang,CHN,Diving,0,1,0
1507,georgios dervisis,GRE,Water Polo,0,1,0
1508,oscar mingueza,ESP,Football,0,1,0
1509,petr cornelie,FRA,Basketball,0,1,0
1510,alex walsh,USA,Swimming,0,1,0
1511,egor kliuka,ROC,Volleyball,0,1,0
1512,injeong choi,KOR,Fencing,0,1,0
1513,shelly-ann fraser-pryce,JAM,Athletics,0,1,0
1514,delaney schnell,USA,Diving,0,1,0
1515,mohamed khalil jendoubi,TUN,Taekwondo,0,1,0
1516,caroline seger,SWE,Football,0,1,0
1517,veronique meester,NED,Rowing,0,1,0
1518,kirill borodachev,ROC,Fencing,0,1,0
1519,jolanta ogar,POL,Sailing,0,1,0
1520,thomas ceccon,ITA,Swimming,0,1,0
1521,kosovare asllani,SWE,Football,0,1,0
1522,jade le pesq,FRA,Rugby Sevens,0,1,0
1523,denis ablyazin,ROC,Artistic Gymnastics,0,1,0
1524,anna burnet,GBR,Sailing,0,1,0
1525,gabriela braga guimaraes,BRA,Volleyball,0,1,0
1526,adriana cerezo iglesias,ESP,Taekwondo,0,1,0
1527,joe ryan,USA,Baseball/Softball,0,1,0
1528,erika brown,USA,Swimming,0,1,0
1529,polina kuznetsova,ROC,Handball,0,1,0
1530,kevin mayer,FRA,Athletics,0,1,0
1531,luigi samele,ITA,Fencing,0,1,0
1532,luigi samele,ITA,Fencing,0,1,0
1533,lucas kozeniesky,USA,Shooting,0,1,0
1534,bubba nickles,USA,Baseball/Softball,0,1,0
1535,dejah mulipola,USA,Baseball/Softball,0,1,0
1536,grace prendergast,NZL,Rowing,0,1,0
1537,kjetil borch,NOR,Rowing,0,1,0
1538,marharyta makhneva,BLR,Canoe Sprint,0,1,0
1539,rayderley miguel zapata,ESP,Artistic Gymnastics,0,1,0
1540,vanessa ferrari,ITA,Artistic Gymnastics,0,1,0
1541,emma kullberg,SWE,Football,0,1,0
1542,sarah leonie cysique,FRA,Judo,0,1,0
1543,wenyan sun,CHN,Artistic Swimming,0,1,0
1544,wenyan sun,CHN,Artistic Swimming,0,1,0
1545,kevin mcnab,AUS,Equestrian,0,1,0
1546,pedro barros,BRA,Skateboarding,0,1,0
1547,beatriz ferreira,BRA,Boxing,0,1,0
1548,zongyuan wang,CHN,Diving,0,1,0
1549,jackie gowler,NZL,Rowing,0,1,0
1550,justyna swiety,POL,Athletics,0,1,0
1551,sagi muki,ISR,Judo,0,0,1
1552,brianna throssell,AUS,Swimming,0,0,1
1553,brianna throssell,AUS,Swimming,0,0,1
1554,kristine breistoel,NOR,Handball,0,0,1
1555,karolina naja,POL,Canoe Sprint,0,0,1
1556,hovhannes bachkov,ARM,Boxing,0,0,1
1557,lindsey horan,USA,Football,0,0,1
1558,fiona anne crackles,GBR,Hockey,0,0,1
1559,alessandra perilli,SMR,Shooting,0,0,1
1560,jorge maqueda peno,ESP,Handball,0,0,1
1561,jack carlin,GBR,Cycling Track,0,0,1
1562,elena sian rayer,GBR,Hockey,0,0,1
1563,soyeong kim,KOR,Badminton,0,0,1
1564,marta tomac,NOR,Handball,0,0,1
1565,gabriela belem agndez garcia,MEX,Diving,0,0,1
1566,aron baynes,AUS,Basketball,0,0,1
1567,sandrine gruda,FRA,Basketball,0,0,1
1568,ferhat arican,TUR,Artistic Gymnastics,0,0,1
1569,simona quadarella,ITA,Swimming,0,0,1
1570,paul kohlhoff,GER,Sailing,0,0,1
1571,sunisa lee,USA,Artistic Gymnastics,0,0,1
1572,brendon smith,AUS,Swimming,0,0,1
1573,ruoteng xiao,CHN,Artistic Gymnastics,0,0,1
1574,ruoteng xiao,CHN,Artistic Gymnastics,0,0,1
1575,lisa unruh,GER,Archery,0,0,1
1576,c.t. pan,TPE,Golf,0,0,1
1577,zhiyu liu,CHN,Rowing,0,0,1
1578,molly seidel,USA,Athletics,0,0,1
1579,alex dujshebaev dovichebaeva,ESP,Handball,0,0,1
1580,riza kayaalp,TUR,Wrestling,0,0,1
1581,daria bilodid,UKR,Judo,0,0,1
1582,carlos rodriguez,MEX,Football,0,0,1
1583,simone manuel,USA,Swimming,0,0,1
1584,linlin guo,CHN,Rowing,0,0,1
1585,alessandro miressi,ITA,Swimming,0,0,1
1586,zurabi datunashvili,SRB,Wrestling,0,0,1
1587,jessica klimkait,CAN,Judo,0,0,1
1588,roberto alvarado,MEX,Football,0,0,1
1589,adrianna franch,USA,Football,0,0,1
1590,alyssa naeher,USA,Football,0,0,1
1591,or sasson,ISR,Judo,0,0,1
1592,taybe mustafa yusein,BUL,Wrestling,0,0,1
1593,cassandre beaugrand,FRA,Triathlon,0,0,1
1594,david nyika,NZL,Boxing,0,0,1
1595,jesus angulo,MEX,Football,0,0,1
1596,wei sun,CHN,Artistic Gymnastics,0,0,1
1597,jakob schubert,AUT,Sport Climbing,0,0,1
1598,haoran yang,CHN,Shooting,0,0,1
1599,toshikazu yamanishi,JPN,Athletics,0,0,1
1600,rodrigo etchart,ARG,Rugby Sevens,0,0,1
1601,helena ciak,FRA,Basketball,0,0,1
1602,zibane ngozi,BOT,Athletics,0,0,1
1603,andras szatmari,HUN,Fencing,0,0,1
1604,james rudkin,GBR,Rowing,0,0,1
1605,ryan murphy,USA,Swimming,0,0,1
1606,anouk verge-depre,SUI,Beach Volleyball,0,0,1
1607,ilse paulis,NED,Rowing,0,0,1
1608,katharina menz,GER,Judo,0,0,1
1609,charlotte fry,GBR,Equestrian,0,0,1
1610,dora bodonyi,HUN,Canoe Sprint,0,0,1
1611,lilly king,USA,Swimming,0,0,1
1612,cristian poglajen,ARG,Volleyball,0,0,1
1613,milenko sebic,SRB,Shooting,0,0,1
1614,darkhan assadilov,KAZ,Karate,0,0,1
1615,patrick hausding,GER,Diving,0,0,1
1616,gabrielle thomas,USA,Athletics,0,0,1
1617,rupinder pal singh,IND,Hockey,0,0,1
1618,min zhang,CHN,Rowing,0,0,1
1619,igor reizlin,UKR,Fencing,0,0,1
1620,greta gurisatti,HUN,Water Polo,0,0,1
1621,tsukasa yoshida,JPN,Judo,0,0,1
1622,luis castillo,DOM,Baseball/Softball,0,0,1
1623,davlat bobonov,UZB,Judo,0,0,1
1624,marit jacobsen,NOR,Handball,0,0,1
1625,leah neale,AUS,Swimming,0,0,1
1626,harrison garside,AUS,Boxing,0,0,1
1627,valeriane ayayi,FRA,Basketball,0,0,1
1628,amelie morgan,GBR,Artistic Gymnastics,0,0,1
1629,florian wellbrock,GER,Swimming,0,0,1
1630,oliver wynne-griffith,GBR,Rowing,0,0,1
1631,larisa korobeynikova,ROC,Fencing,0,0,1
1632,vladimir lorona,MEX,Football,0,0,1
1633,timna nelson levy,ISR,Judo,0,0,1
1634,mohamed sbihi,GBR,Rowing,0,0,1
1635,david valero serrano,ESP,Cycling Mountain Bike,0,0,1
1636,yulia karimova,ROC,Shooting,0,0,1
1637,yulia karimova,ROC,Shooting,0,0,1
1638,erika polidori,CAN,Baseball/Softball,0,0,1
1639,jerome guery,BEL,Equestrian,0,0,1
1640,sudaporn seesondee,THA,Boxing,0,0,1
1641,amy ewart costello,GBR,Hockey,0,0,1
1642,chelsie giles,GBR,Judo,0,0,1
1643,luciano gonzalez,ARG,Rugby Sevens,0,0,1
1644,raul valdes,DOM,Baseball/Softball,0,0,1
1645,santiago danani,ARG,Volleyball,0,0,1
1646,luis alvarez,MEX,Archery,0,0,1
1647,alina harnasko,BLR,Rhythmic Gymnastics,0,0,1
1648,zac incerti,AUS,Swimming,0,0,1
1649,zac incerti,AUS,Swimming,0,0,1
1650,tamas mezei,HUN,Water Polo,0,0,1
1651,luke greenbank,GBR,Swimming,0,0,1
1652,jelena blagojevic,SRB,Volleyball,0,0,1
1653,race imboden,USA,Fencing,0,0,1
1654,nora moerk,NOR,Handball,0,0,1
1655,lalit kumar upadhyay,IND,Hockey,0,0,1
1656,shericka jackson,JAM,Athletics,0,0,1
1657,shericka jackson,JAM,Athletics,0,0,1
1658,laurence vincent-lapointe,CAN,Canoe Sprint,0,0,1
1659,stanislav horuna,UKR,Karate,0,0,1
1660,nilakanta sharma,IND,Hockey,0,0,1
1661,reapi ulunisau,FIJ,Rugby Sevens,0,0,1
1662,vilde ingeborg johansen,NOR,Handball,0,0,1
1663,luke letcher,AUS,Rowing,0,0,1
1664,arturs plesnieks,LAT,Weightlifting,0,0,1
1665,patty mills,AUS,Basketball,0,0,1
1666,mira potkonen,FIN,Boxing,0,0,1
1667,joe ingles,AUS,Basketball,0,0,1
1668,matthias casse,BEL,Judo,0,0,1
1669,cesar montes,MEX,Football,0,0,1
1670,noah lyles,USA,Athletics,0,0,1
1671,aloise retornaz,FRA,Sailing,0,0,1
1672,mack horton,AUS,Swimming,0,0,1
1673,theresa stoll,GER,Judo,0,0,1
1674,thomas patrick gilman,USA,Wrestling,0,0,1
1675,sarah ann hildebrandt,USA,Wrestling,0,0,1
1676,eimear lambe,IRL,Rowing,0,0,1
1677,isaac makwala,BOT,Athletics,0,0,1
1678,donavan grondin,FRA,Cycling Track,0,0,1
1679,viran morros de argila,ESP,Handball,0,0,1
1680,trevor stewart,USA,Athletics,0,0,1
1681,elija godwin,USA,Athletics,0,0,1
1682,elia viviani,ITA,Cycling Track,0,0,1
1683,mima ito,JPN,Table Tennis,0,0,1
1684,hermann tomasgaard,NOR,Sailing,0,0,1
1685,sangyoung park,KOR,Fencing,0,0,1
1686,dora leimeter,HUN,Water Polo,0,0,1
1687,rafael alba castillo,CUB,Taekwondo,0,0,1
1688,tohar butbul,ISR,Judo,0,0,1
1689,kelsey-lee roberts,AUS,Athletics,0,0,1
1690,matias osadczuk,ARG,Rugby Sevens,0,0,1
1691,ignacio mendy,ARG,Rugby Sevens,0,0,1
1692,leah julia wilkinson,GBR,Hockey,0,0,1
1693,nikita nagornyy,ROC,Artistic Gymnastics,0,0,1
1694,nikita nagornyy,ROC,Artistic Gymnastics,0,0,1
1695,mayra aguiar,BRA,Judo,0,0,1
1696,hatice kubra ilgun,TUR,Taekwondo,0,0,1
1697,peter paltchik,ISR,Judo,0,0,1
1698,irma testa,ITA,Boxing,0,0,1
1699,stine bredal oftedal,NOR,Handball,0,0,1
1700,jen gilbert,CAN,Baseball/Softball,0,0,1
1701,abraham de jesus conyedo ruano,ITA,Wrestling,0,0,1
1702,manon brunet,FRA,Fencing,0,0,1
1703,malwina kopron,POL,Athletics,0,0,1
1704,jairo asencio,DOM,Baseball/Softball,0,0,1
1705,marit malm frafjord,NOR,Handball,0,0,1
1706,qian zhou,CHN,Wrestling,0,0,1
1707,meng wei,CHN,Shooting,0,0,1
1708,emily sonnett,USA,Football,0,0,1
1709,kayla sanchez,CAN,Swimming,0,0,1
1710,kendall ellis,USA,Athletics,0,0,1
1711,femke bol,NED,Athletics,0,0,1
1712,laura unsworth,GBR,Hockey,0,0,1
1713,daryll neita,GBR,Athletics,0,0,1
1714,ana maria naimasi,FIJ,Rugby Sevens,0,0,1
1715,bingtian su,CHN,Athletics,0,0,1
1716,jennifer gadirova,GBR,Artistic Gymnastics,0,0,1
1717,raijieli daveua,FIJ,Rugby Sevens,0,0,1
1718,lovlina borgohain,IND,Boxing,0,0,1
1719,ana peleteiro,ESP,Athletics,0,0,1
1720,edina gangl,HUN,Water Polo,0,0,1
1721,caleb antill,AUS,Rowing,0,0,1
1722,gabriel arias,DOM,Baseball/Softball,0,0,1
1723,gurjant singh,IND,Hockey,0,0,1
1724,denes varga,HUN,Water Polo,0,0,1
1725,kelsey harshman,CAN,Baseball/Softball,0,0,1
1726,antonio j garcia robledo,ESP,Handball,0,0,1
1727,jorge fonseca,POR,Judo,0,0,1
1728,ashley moloney,AUS,Athletics,0,0,1
1729,sergey emelin,ROC,Wrestling,0,0,1
1730,samantha mewis,USA,Football,0,0,1
1731,dylan schmidt,NZL,Trampoline Gymnastics,0,0,1
1732,megan rapinoe,USA,Football,0,0,1
1733,benjamin kigen,KEN,Athletics,0,0,1
1734,christen press,USA,Football,0,0,1
1735,aleix gomez abello,ESP,Handball,0,0,1
1736,caitlin cronin,AUS,Rowing,0,0,1
1737,marine johannes,FRA,Basketball,0,0,1
1738,matthew temple,AUS,Swimming,0,0,1
1739,matthew temple,AUS,Swimming,0,0,1
1740,yefri perez,DOM,Baseball/Softball,0,0,1
1741,danielle lawrie,CAN,Baseball/Softball,0,0,1
1742,szilard jansik,HUN,Water Polo,0,0,1
1743,laisana likuceva,FIJ,Rugby Sevens,0,0,1
1744,thiago braz,BRA,Athletics,0,0,1
1745,sarah kohler,GER,Swimming,0,0,1
1746,giuseppe vicino,ITA,Rowing,0,0,1
1747,yuki kawata,JPN,Archery,0,0,1
1748,stacey ann williams,JAM,Athletics,0,0,1
1749,samuel takyi,GHA,Boxing,0,0,1
1750,patryk dobek,POL,Athletics,0,0,1
1751,baruch shmailov,ISR,Judo,0,0,1
1752,koki niwa,JPN,Table Tennis,0,0,1
1753,andre de grasse,CAN,Athletics,0,0,1
1754,hollie webb,GBR,Hockey,0,0,1
1755,denis mysak,SVK,Canoe Sprint,0,0,1
1756,jingjing li,CHN,Rowing,0,0,1
1757,jun jang,KOR,Taekwondo,0,0,1
1758,anna pulawska,POL,Canoe Sprint,0,0,1
1759,oshae jones,USA,Boxing,0,0,1
1760,rui ju,CHN,Rowing,0,0,1
1761,windy cantika aisah,INA,Weightlifting,0,0,1
1762,loren berto alfonso dominguez,AZE,Boxing,0,0,1
1763,matias sanchez,ARG,Volleyball,0,0,1
1764,jiyeon seo,KOR,Fencing,0,0,1
1765,balazs harai,HUN,Water Polo,0,0,1
1766,vernon norwood,USA,Athletics,0,0,1
1767,adrian figueras trejo,ESP,Handball,0,0,1
1768,alina shynkarenko,UKR,Artistic Swimming,0,0,1
1769,charlotte dujardin,GBR,Equestrian,0,0,1
1770,charlotte dujardin,GBR,Equestrian,0,0,1
1771,sesenieli donu,FIJ,Rugby Sevens,0,0,1
1772,ronald levy,JAM,Athletics,0,0,1
1773,nicolas rodriguez garcia-paz,ESP,Sailing,0,0,1
1774,laura pigossi,BRA,Tennis,0,0,1
1775,joana heidrich,SUI,Beach Volleyball,0,0,1
1776,jhan marinez,DOM,Baseball/Softball,0,0,1
1777,sergey kamenskiy,ROC,Shooting,0,0,1
1778,kun bi,CHN,Sailing,0,0,1
1779,lucilla boari,ITA,Archery,0,0,1
1780,kaleigh rafter,CAN,Baseball/Softball,0,0,1
1781,dimitrij ovtcharov,GER,Table Tennis,0,0,1
1782,frank staebler,GER,Wrestling,0,0,1
1783,sreejesh parattu,IND,Hockey,0,0,1
1784,man asaad,SYR,Weightlifting,0,0,1
1785,baul an,KOR,Judo,0,0,1
1786,pablo carreno busta,ESP,Tennis,0,0,1
1787,bingjie li,CHN,Swimming,0,0,1
1788,rose lavelle,USA,Football,0,0,1
1789,maddie hinch,GBR,Hockey,0,0,1
1790,hyvin kiyeng,KEN,Athletics,0,0,1
1791,pawel fajdek,POL,Athletics,0,0,1
1792,zhenye xie,CHN,Athletics,0,0,1
1793,fernando pimenta,POR,Canoe Sprint,0,0,1
1794,jenna caira,CAN,Baseball/Softball,0,0,1
1795,casey krueger,USA,Football,0,0,1
1796,mirko zanni,ITA,Weightlifting,0,0,1
1797,sumit,IND,Hockey,0,0,1
1798,lena hentschel,GER,Diving,0,0,1
1799,kaylee mckeown,AUS,Swimming,0,0,1
1800,agustin loser,ARG,Volleyball,0,0,1
1801,daniel sarmiento melian,ESP,Handball,0,0,1
1802,dorottya szilagyi,HUN,Water Polo,0,0,1
1803,hali flickinger,USA,Swimming,0,0,1
1804,hali flickinger,USA,Swimming,0,0,1
1805,maksim nedasekau,BLR,Athletics,0,0,1
1806,matisse thybulle,AUS,Basketball,0,0,1
1807,roela radiniyavuni,FIJ,Rugby Sevens,0,0,1
1808,brian burrows,USA,Shooting,0,0,1
1809,kyle chalmers,AUS,Swimming,0,0,1
1810,kyle chalmers,AUS,Swimming,0,0,1
1811,cameron mcevoy,AUS,Swimming,0,0,1
1812,martyna trajdos,GER,Judo,0,0,1
1813,florian grengbo,FRA,Cycling Track,0,0,1
1814,ariarne titmus,AUS,Swimming,0,0,1
1815,uriel antuna,MEX,Football,0,0,1
1816,aleksandr bondar,ROC,Diving,0,0,1
1817,merel smulders,NED,Cycling BMX Racing,0,0,1
1818,viktor nagy,HUN,Water Polo,0,0,1
1819,owen wright,AUS,Surfing,0,0,1
1820,caileigh filmer,CAN,Rowing,0,0,1
1821,roldani baldwin,DOM,Baseball/Softball,0,0,1
1822,alica stuhlemmer,GER,Sailing,0,0,1
1823,ricardo angulo,MEX,Football,0,0,1
1824,hillary janssens,CAN,Rowing,0,0,1
1825,ranxin jiang,CHN,Shooting,0,0,1
1826,shira rishony,ISR,Judo,0,0,1
1827,emma jorgensen,DEN,Canoe Sprint,0,0,1
1828,emma jorgensen,DEN,Canoe Sprint,0,0,1
1829,ferran sole sala,ESP,Handball,0,0,1
1830,manpreet singh,IND,Hockey,0,0,1
1831,rahmat erwin abdullah,INA,Weightlifting,0,0,1
1832,jose diaz,DOM,Baseball/Softball,0,0,1
1833,artur davtyan,ARM,Artistic Gymnastics,0,0,1
1834,li kochman,ISR,Judo,0,0,1
1835,melissa wu,AUS,Diving,0,0,1
1836,magdalena lobnig,AUT,Rowing,0,0,1
1837,anna-maria wagner,GER,Judo,0,0,1
1838,anna-maria wagner,GER,Judo,0,0,1
1839,liam heath,GBR,Canoe Sprint,0,0,1
1840,sofya berultseva,KAZ,Karate,0,0,1
1841,luciano de cecco,ARG,Volleyball,0,0,1
1842,angel sanchez,DOM,Baseball/Softball,0,0,1
1843,ashleigh barty,AUS,Tennis,0,0,1
1844,ramon rosso,DOM,Baseball/Softball,0,0,1
1845,nikita ducarroz,SUI,Cycling BMX Freestyle,0,0,1
1846,fiona murtagh,IRL,Rowing,0,0,1
1847,karoly gabor harspataki,HUN,Karate,0,0,1
1848,romane dicko,FRA,Judo,0,0,1
1849,julie ertz,USA,Football,0,0,1
1850,hakan recber,TUR,Taekwondo,0,0,1
1851,merve coban,TUR,Karate,0,0,1
1852,bajrang bajrang,IND,Wrestling,0,0,1
1853,paul kipkemoi chelimo,USA,Athletics,0,0,1
1854,viktor minibaev,ROC,Diving,0,0,1
1855,soma vogel,HUN,Water Polo,0,0,1
1856,madelynn ann bernau,USA,Shooting,0,0,1
1857,alessia maurelli,ITA,Rhythmic Gymnastics,0,0,1
1858,bettina plank,AUT,Karate,0,0,1
1859,veronica kristiansen,NOR,Handball,0,0,1
1860,julio rodriguez,DOM,Baseball/Softball,0,0,1
1861,jeremy desplanches,SUI,Swimming,0,0,1
1862,erik heil,GER,Sailing,0,0,1
1863,asha philip,GBR,Athletics,0,0,1
1864,jessica fox,AUS,Canoe Slalom,0,0,1
1865,helen louise maroulis,USA,Wrestling,0,0,1
1866,lavena cavuru,FIJ,Rugby Sevens,0,0,1
1867,karriss artingstall,GBR,Boxing,0,0,1
1868,jane campbell,USA,Football,0,0,1
1869,bashir abdi,BEL,Athletics,0,0,1
1870,penny oleksiak,CAN,Swimming,0,0,1
1871,penny oleksiak,CAN,Swimming,0,0,1
1872,jacob dawson,GBR,Rowing,0,0,1
1873,fei xu,CHN,Rowing,0,0,1
1874,kseniya sydorenko,UKR,Artistic Swimming,0,0,1
1875,abishag semberg,ISR,Taekwondo,0,0,1
1876,evelina georgieva nikolova,BUL,Wrestling,0,0,1
1877,jasmin kuelbs,GER,Judo,0,0,1
1878,tobin heath,USA,Football,0,0,1
1879,roos de jong,NED,Rowing,0,0,1
1880,csanad gemesi,HUN,Fencing,0,0,1
1881,hedaya wahba,EGY,Taekwondo,0,0,1
1882,varun kumar,IND,Hockey,0,0,1
1883,leigh howard,AUS,Cycling Track,0,0,1
1884,tsogtbaatar tsend-ochir,MGL,Judo,0,0,1
1885,lucas plapp,AUS,Cycling Track,0,0,1
1886,rayan helal,FRA,Cycling Track,0,0,1
1887,jun mizutani,JPN,Table Tennis,0,0,1
1888,camilla herrem,NOR,Handball,0,0,1
1889,abbey weitzeil,USA,Swimming,0,0,1
1890,johan mieses,DOM,Baseball/Softball,0,0,1
1891,catherine beauchemin-pinard,CAN,Judo,0,0,1
1892,jorge sanchez,MEX,Football,0,0,1
1893,tamas decsi,HUN,Fencing,0,0,1
1894,harriet hudson,AUS,Rowing,0,0,1
1895,tamsin cook,AUS,Swimming,0,0,1
1896,odette giuffrida,ITA,Judo,0,0,1
1897,meerim zhumanazarova,KGZ,Wrestling,0,0,1
1898,martina santandrea,ITA,Rhythmic Gymnastics,0,0,1
1899,megan jastrab,USA,Cycling Track,0,0,1
1900,simranjeet singh,IND,Hockey,0,0,1
1901,denyi reyes,DOM,Baseball/Softball,0,0,1
1902,angelina melnikova,ROC,Artistic Gymnastics,0,0,1
1903,angelina melnikova,ROC,Artistic Gymnastics,0,0,1
1904,anna van der breggen,NED,Cycling Road,0,0,1
1905,elisa longo borghini,ITA,Cycling Road,0,0,1
1906,sifan hassan,NED,Athletics,0,0,1
1907,holly bleasdale-bradshaw,GBR,Athletics,0,0,1
1908,adam botek,SVK,Canoe Sprint,0,0,1
1909,lauriane genest,CAN,Cycling Track,0,0,1
1910,larissa franklin,CAN,Baseball/Softball,0,0,1
1911,jiyeon kim,KOR,Fencing,0,0,1
1912,elijah winnington,AUS,Swimming,0,0,1
1913,carl hester,GBR,Equestrian,0,0,1
1914,tomas walsh,NZL,Athletics,0,0,1
1915,henry martin,MEX,Football,0,0,1
1916,kaylin whitney,USA,Athletics,0,0,1
1917,andrei zamkovoi,ROC,Boxing,0,0,1
1918,sideris tasiadis,GER,Canoe Slalom,0,0,1
1919,eduardo gurbindo martinez,ESP,Handball,0,0,1
1920,aaron chia,MAS,Badminton,0,0,1
1921,mina popovic,SRB,Volleyball,0,0,1
1922,grace balsdon,GBR,Hockey,0,0,1
1923,matyas pasztor,HUN,Water Polo,0,0,1
1924,charles elwes,GBR,Rowing,0,0,1
1925,nicolas mendez,ARG,Volleyball,0,0,1
1926,duop thomas reath,AUS,Basketball,0,0,1
1927,jack cleary,AUS,Rowing,0,0,1
1928,cate campbell,AUS,Swimming,0,0,1
1929,hiroki muto,JPN,Archery,0,0,1
1930,harmanpreet singh,IND,Hockey,0,0,1
1931,kelland o'brien,AUS,Cycling Track,0,0,1
1932,amit rohidas,IND,Hockey,0,0,1
1933,raz hershko,ISR,Judo,0,0,1
1934,frederic vystavel,DEN,Rowing,0,0,1
1935,hannes aigner,GER,Canoe Slalom,0,0,1
1936,mariia novolodskaia,ROC,Cycling Track,0,0,1
1937,hannah martin,GBR,Hockey,0,0,1
1938,nina christen,SUI,Shooting,0,0,1
1939,dejan majstorovic,SRB,3x3 Basketball,0,0,1
1940,linda indergand,SUI,Cycling Mountain Bike,0,0,1
1941,marcus daniell,NZL,Tennis,0,0,1
1942,mikhail artamonov,ROC,Taekwondo,0,0,1
1943,gudaf tsegay,ETH,Athletics,0,0,1
1944,camille lecointre,FRA,Sailing,0,0,1
1945,helena wisniewska,POL,Canoe Sprint,0,0,1
1946,zhiting zhang,CHN,3x3 Basketball,0,0,1
1947,luisa veras stefani,BRA,Tennis,0,0,1
1948,dechang zhang,CHN,Rowing,0,0,1
1949,tamerlan bashaev,ROC,Judo,0,0,1
1950,elina svitolina,UKR,Tennis,0,0,1
1951,agnese duranti,ITA,Rhythmic Gymnastics,0,0,1
1952,viniana riwai,FIJ,Rugby Sevens,0,0,1
1953,alejandra valencia,MEX,Archery,0,0,1
1954,fernando beltran,MEX,Football,0,0,1
1955,tomokazu harimoto,JPN,Table Tennis,0,0,1
1956,guillermo ochoa,MEX,Football,0,0,1
1957,chris goulding,AUS,Basketball,0,0,1
1958,alexander choupenitch,CZE,Fencing,0,0,1
1959,sebastian sole,ARG,Volleyball,0,0,1
1960,kelley ohara,USA,Football,0,0,1
1961,yeldos smetov,KAZ,Judo,0,0,1
1962,liang zhang,CHN,Rowing,0,0,1
1963,abdullah alrashidi,KUW,Shooting,0,0,1
1964,arianna errigo,ITA,Fencing,0,0,1
1965,aidan walsh,IRL,Boxing,0,0,1
1966,roneisha mcgregor,JAM,Athletics,0,0,1
1967,annemiek bekkering,NED,Sailing,0,0,1
1968,marton vamos,HUN,Water Polo,0,0,1
1969,valerie adams,NZL,Athletics,0,0,1
1970,luis malagon,MEX,Football,0,0,1
1971,sailike walihan,CHN,Wrestling,0,0,1
1972,kieran smith,USA,Swimming,0,0,1
1973,matteo castaldo,ITA,Rowing,0,0,1
1974,segeon ma,KOR,Fencing,0,0,1
1975,gleb bakshi,ROC,Boxing,0,0,1
1976,rodrigo isgro,ARG,Rugby Sevens,0,0,1
1977,gulnaz badykova,ROC,Cycling Track,0,0,1
1978,johannes frey,GER,Judo,0,0,1
1979,sebastian seidl,GER,Judo,0,0,1
1980,federico pereyra,ARG,Volleyball,0,0,1
1981,althea laurin,FRA,Taekwondo,0,0,1
1982,aleksandar ratkov,SRB,3x3 Basketball,0,0,1
1983,tzuyun wen,TPE,Karate,0,0,1
1984,baboloki thebe,BOT,Athletics,0,0,1
1985,imam khataev,ROC,Boxing,0,0,1
1986,ahmed tijan,QAT,Beach Volleyball,0,0,1
1987,daniel cargnin,BRA,Judo,0,0,1
1988,carli lloyd,USA,Football,0,0,1
1989,nick itkin,USA,Fencing,0,0,1
1990,vanda valyi,HUN,Water Polo,0,0,1
1991,eumir marcial,PHI,Boxing,0,0,1
1992,marco di costanzo,ITA,Rowing,0,0,1
1993,rowena meredith,AUS,Rowing,0,0,1
1994,dina asher-smith,GBR,Athletics,0,0,1
1995,sarah robles,USA,Weightlifting,0,0,1
1996,dario alvarez,DOM,Baseball/Softball,0,0,1
1997,bryce deadmon,USA,Athletics,0,0,1
1998,antonino pizzolato,ITA,Weightlifting,0,0,1
1999,sanne van dijke,NED,Judo,0,0,1
2000,federico burdisso,ITA,Swimming,0,0,1
2001,federico burdisso,ITA,Swimming,0,0,1
2002,vanesa kaladzinskaya,BLR,Wrestling,0,0,1
2003,alda magyari,HUN,Water Polo,0,0,1
2004,mohamed ibrahim elsayed elsayed,EGY,Wrestling,0,0,1
2005,funa nakayama,JPN,Skateboarding,0,0,1
2006,bojana milenkovic,SRB,Volleyball,0,0,1
2007,yuta watanabe,JPN,Badminton,0,0,1
2008,tadej pogacar,SLO,Cycling Road,0,0,1
2009,simone biles,USA,Artistic Gymnastics,0,0,1
2010,isabelle petter,GBR,Hockey,0,0,1
2011,tijana bogdanovic,SRB,Taekwondo,0,0,1
2012,henry fieldman,GBR,Rowing,0,0,1
2013,michael venus,NZL,Tennis,0,0,1
2014,amuro tsuzuki,JPN,Surfing,0,0,1
2015,lynn williams,USA,Football,0,0,1
2016,ho ching lee,HKG,Table Tennis,0,0,1
2017,isaac cooper,AUS,Swimming,0,0,1
2018,iryna kindzerska,AZE,Judo,0,0,1
2019,rafig huseynov,AZE,Wrestling,0,0,1
2020,maryna aleksiiva,UKR,Artistic Swimming,0,0,1
2021,saken bibossinov,KAZ,Boxing,0,0,1
2022,alowesi nakoci,FIJ,Rugby Sevens,0,0,1
2023,ese brume,NGR,Athletics,0,0,1
2024,endene miyem,FRA,Basketball,0,0,1
2025,krisztina garda,HUN,Water Polo,0,0,1
2026,takaharu furukawa,JPN,Archery,0,0,1
2027,takaharu furukawa,JPN,Archery,0,0,1
2028,erick aguirre,MEX,Football,0,0,1
2029,tsukimi namiki,JPN,Boxing,0,0,1
2030,emily seebohm,AUS,Swimming,0,0,1
2031,santiago mare,ARG,Rugby Sevens,0,0,1
2032,jordi xammar hernandez,ESP,Sailing,0,0,1
2033,ariel torres gutierrez,USA,Karate,0,0,1
2034,sarah evans,GBR,Hockey,0,0,1
2035,silvija popovic,SRB,Volleyball,0,0,1
2036,milena rasic,SRB,Volleyball,0,0,1
2037,balazs erdelyi,HUN,Water Polo,0,0,1
2038,facundo conte,ARG,Volleyball,0,0,1
2039,lautaro bazan velez,ARG,Rugby Sevens,0,0,1
2040,thomas ploessel,GER,Sailing,0,0,1
2041,mykhailo romanchuk,UKR,Swimming,0,0,1
2042,anastasiya savchuk,UKR,Artistic Swimming,0,0,1
2043,anastasiya savchuk,UKR,Artistic Swimming,0,0,1
2044,vasiti solikoviti,FIJ,Rugby Sevens,0,0,1
2045,nurislam sanayev,KAZ,Wrestling,0,0,1
2046,alexander massialas,USA,Fencing,0,0,1
2047,josef dostal,CZE,Canoe Sprint,0,0,1
2048,kate douglass,USA,Swimming,0,0,1
2049,wei pang,CHN,Shooting,0,0,1
2050,anastasiia voinova,ROC,Cycling Track,0,0,1
2051,chaopan lin,CHN,Artistic Gymnastics,0,0,1
2052,serghei tarnovschi,MDA,Canoe Sprint,0,0,1
2053,hoi kem doo,HKG,Table Tennis,0,0,1
2054,martina centofanti,ITA,Rhythmic Gymnastics,0,0,1
2055,imani lansiquot,GBR,Athletics,0,0,1
2056,ria thompson,AUS,Rowing,0,0,1
2057,lars rudiger,GER,Diving,0,0,1
2058,aifric keogh,IRL,Rowing,0,0,1
2059,gregory wathelet,BEL,Equestrian,0,0,1
2060,cory juneau,USA,Skateboarding,0,0,1
2061,rebecca parkes,HUN,Water Polo,0,0,1
2062,natasa rybanska,HUN,Water Polo,0,0,1
2063,marta fiedina,UKR,Artistic Swimming,0,0,1
2064,marta fiedina,UKR,Artistic Swimming,0,0,1
2065,juan ramon francisco gonzalez,DOM,Baseball/Softball,0,0,1
2066,giovanna scoccimarro,GER,Judo,0,0,1
2067,zifeng wang,CHN,Rowing,0,0,1
2068,zulfiya chinshanlo,KAZ,Weightlifting,0,0,1
2069,taylor manson,USA,Athletics,0,0,1
2070,igor son,KAZ,Weightlifting,0,0,1
2071,sydney pickrem,CAN,Swimming,0,0,1
2072,wai sze lee,HKG,Cycling Track,0,0,1
2073,radek slouf,CZE,Canoe Sprint,0,0,1
2074,bruno rosetti,ITA,Rowing,0,0,1
2075,joachim sutton,DEN,Rowing,0,0,1
2076,gonzalo perez de vargas moreno,ESP,Handball,0,0,1
2077,charlie valerio,DOM,Baseball/Softball,0,0,1
2078,gergo zalanki,HUN,Water Polo,0,0,1
2079,mihailo vasic,SRB,3x3 Basketball,0,0,1
2080,rohan dennis,AUS,Cycling Road,0,0,1
2081,josh kerr,GBR,Athletics,0,0,1
2082,andrea herzog,GER,Canoe Slalom,0,0,1
2083,kamshybek kunkabayev,KAZ,Boxing,0,0,1
2084,hong liu,CHN,Athletics,0,0,1
2085,toni kanaet,CRO,Taekwondo,0,0,1
2086,jingyuan zou,CHN,Artistic Gymnastics,0,0,1
2087,jiyuan wan,CHN,3x3 Basketball,0,0,1
2088,ali sofuoglu,TUR,Karate,0,0,1
2089,martina batini,ITA,Fencing,0,0,1
2090,kylie masse,CAN,Swimming,0,0,1
2091,seojeong yeo,KOR,Artistic Gymnastics,0,0,1
2092,madina taimazova,ROC,Judo,0,0,1
2093,raevyn rogers,USA,Athletics,0,0,1
2094,silje solberg,NOR,Handball,0,0,1
2095,ezequiel palacios,ARG,Volleyball,0,0,1
2096,michelle kroppen,GER,Archery,0,0,1
2097,gustavo nunez,DOM,Baseball/Softball,0,0,1
2098,bronte campbell,AUS,Swimming,0,0,1
2099,lazaro alvarez estrada,CUB,Boxing,0,0,1
2100,daniel angyal,HUN,Water Polo,0,0,1
2101,julen aguinagalde aquizu,ESP,Handball,0,0,1
2102,candice mcleod,JAM,Athletics,0,0,1
2103,nathan sobey,AUS,Basketball,0,0,1
2104,lili wang,CHN,3x3 Basketball,0,0,1
2105,krisztian toth,HUN,Judo,0,0,1
2106,junghwan kim,KOR,Fencing,0,0,1
2107,oleh omelchuk,UKR,Shooting,0,0,1
2108,annette duetz,NED,Sailing,0,0,1
2109,nicolas touzaint,FRA,Equestrian,0,0,1
2110,jaeho song,KOR,Fencing,0,0,1
2111,bruno fratus,BRA,Swimming,0,0,1
2112,charline schwarz,GER,Archery,0,0,1
2113,ryomei tanaka,JPN,Boxing,0,0,1
2114,zenfira magomedalieva,ROC,Boxing,0,0,1
2115,marit bouwmeester,NED,Sailing,0,0,1
2116,abdel rahman almasatfa,JOR,Karate,0,0,1
2117,zhiqiang wu,CHN,Athletics,0,0,1
2118,pusarla venkata sindhu,IND,Badminton,0,0,1
2119,kyle douglas dake,USA,Wrestling,0,0,1
2120,jennifer salling,CAN,Baseball/Softball,0,0,1
2121,nouchka fontijn,NED,Boxing,0,0,1
2122,cismery dominga santana peguero,DOM,Weightlifting,0,0,1
2123,gili sharir,ISR,Judo,0,0,1
2124,kyo don in,KOR,Taekwondo,0,0,1
2125,thomas george,GBR,Rowing,0,0,1
2126,woong tae jun,KOR,Modern Pentathlon,0,0,1
2127,raul entrerrios rodriguez,ESP,Handball,0,0,1
2128,olena kostevych,UKR,Shooting,0,0,1
2129,daria shmeleva,ROC,Cycling Track,0,0,1
2130,anthony sinisuka ginting,INA,Badminton,0,0,1
2131,alberta santuccio,ITA,Fencing,0,0,1
2132,alexia chartereau,FRA,Basketball,0,0,1
2133,katie zaferes,USA,Triathlon,0,0,1
2134,tina punzel,GER,Diving,0,0,1
2135,sergey semenov,ROC,Wrestling,0,0,1
2136,alice volpi,ITA,Fencing,0,0,1
2137,bolortuya bat ochir,MGL,Wrestling,0,0,1
2138,joey lye,CAN,Baseball/Softball,0,0,1
2139,erick mejia,DOM,Baseball/Softball,0,0,1
2140,urantsetseg munkhbat,MGL,Judo,0,0,1
2141,yasemin adar,TUR,Wrestling,0,0,1
2142,denis maksymilian kudla,GER,Wrestling,0,0,1
2143,dominic ressel,GER,Judo,0,0,1
2144,janet leung,CAN,Baseball/Softball,0,0,1
2145,nicolo martinenghi,ITA,Swimming,0,0,1
2146,nicolo martinenghi,ITA,Swimming,0,0,1
2147,anton pliesnoi,GEO,Weightlifting,0,0,1
2148,rita keszthelyi,HUN,Water Polo,0,0,1
2149,emma wilson,GBR,Sailing,0,0,1
2150,karl-richard frey,GER,Judo,0,0,1
2151,seif eissa,EGY,Taekwondo,0,0,1
2152,diego lainez,MEX,Football,0,0,1
2153,sebastian jurado,MEX,Football,0,0,1
2154,daniela mogurean,ITA,Rhythmic Gymnastics,0,0,1
2155,lavenia tinai,FIJ,Rugby Sevens,0,0,1
2156,hsiao-wen huang,TPE,Boxing,0,0,1
2157,eduard trippel,GER,Judo,0,0,1
2158,thomas daley,GBR,Diving,0,0,1
2159,liudmyla luzan,UKR,Canoe Sprint,0,0,1
2160,taylor madison ruck,CAN,Swimming,0,0,1
2161,shamsher singh,IND,Hockey,0,0,1
2162,hayden wilde,NZL,Triathlon,0,0,1
2163,fabrice zango hugues,BUR,Athletics,0,0,1
2164,maryna aleksiiva,UKR,Artistic Swimming,0,0,1
2165,iryna koliadenko,UKR,Wrestling,0,0,1
2166,gaston revol,ARG,Rugby Sevens,0,0,1
2167,yaroslava mahuchikh,UKR,Athletics,0,0,1
2168,regan smith,USA,Swimming,0,0,1
2169,maikel van der vleuten,NED,Equestrian,0,0,1
2170,alexander graham,AUS,Swimming,0,0,1
2171,alexander graham,AUS,Swimming,0,0,1
2172,kristie mewis,USA,Football,0,0,1
2173,ugur aktas,TUR,Karate,0,0,1
2174,myles nazem amine,SMR,Wrestling,0,0,1
2175,sebastian brendel,GER,Canoe Sprint,0,0,1
2176,henny reistad,NOR,Handball,0,0,1
2177,emma entzminger,CAN,Baseball/Softball,0,0,1
2178,giana lotfy,EGY,Karate,0,0,1
2179,sam welsford,AUS,Cycling Track,0,0,1
2180,santiago alvarez,ARG,Rugby Sevens,0,0,1
2181,noe ponti,SUI,Swimming,0,0,1
2182,alix duchet,FRA,Basketball,0,0,1
2183,giselle ansley,GBR,Hockey,0,0,1
2184,dilpreet singh,IND,Hockey,0,0,1
2185,wen-huei chen,TPE,Weightlifting,0,0,1
2186,aremi fuentes zavala,MEX,Weightlifting,0,0,1
2187,bianka busa,SRB,Volleyball,0,0,1
2188,ryutaro araga,JPN,Karate,0,0,1
2189,natalie wideman,CAN,Baseball/Softball,0,0,1
2190,chia-ling lo,TPE,Taekwondo,0,0,1
2191,shamil borchashvili,AUT,Judo,0,0,1
2192,kazuma kaya,JPN,Artistic Gymnastics,0,0,1
2193,aniko gyongyossy,HUN,Water Polo,0,0,1
2194,anna-frances toman,GBR,Hockey,0,0,1
2195,bryony page,GBR,Trampoline Gymnastics,0,0,1
2196,rossella fiamingo,ITA,Fencing,0,0,1
2197,birendra lakra,IND,Hockey,0,0,1
2198,matthew dellavedova,AUS,Basketball,0,0,1
2199,lisa scheenaard,NED,Rowing,0,0,1
2200,emma white,USA,Cycling Track,0,0,1
2201,mohammadhadi saravi,IRI,Wrestling,0,0,1
2202,iliana rupert,FRA,Basketball,0,0,1
2203,emily hegarty,IRL,Rowing,0,0,1
2204,maja ognjenovic,SRB,Volleyball,0,0,1
2205,diandra tchatchouang,FRA,Basketball,0,0,1
2206,jose bautista,DOM,Baseball/Softball,0,0,1
2207,heeyong kong,KOR,Badminton,0,0,1
2208,rusila nagasau,FIJ,Rugby Sevens,0,0,1
2209,joshua bugajski,GBR,Rowing,0,0,1
2210,youngjun kweon,KOR,Fencing,0,0,1
2211,annie lazor,USA,Swimming,0,0,1
2212,evan dunfee,CAN,Athletics,0,0,1
2213,john peers,AUS,Tennis,0,0,1
2214,wai yam minnie soo,HKG,Table Tennis,0,0,1
2215,bekzod abdurakhmonov,UZB,Wrestling,0,0,1
2216,karim-florent laghouag,FRA,Equestrian,0,0,1
2217,sebastian cordova,MEX,Football,0,0,1
2218,gerek meinhardt,USA,Fencing,0,0,1
2219,letesenbet gidey,ETH,Athletics,0,0,1
2220,catarina macario,USA,Football,0,0,1
2221,arisa higashino,JPN,Badminton,0,0,1
2222,thomas neill,AUS,Swimming,0,0,1
2223,akiyo noguchi,JPN,Sport Climbing,0,0,1
2224,alice kinsella,GBR,Artistic Gymnastics,0,0,1
2225,gabriella szucs,HUN,Water Polo,0,0,1
2226,becky sauerbrunn,USA,Football,0,0,1
2227,tadeusz michalik,POL,Wrestling,0,0,1
2228,jagger eaton,USA,Skateboarding,0,0,1
2229,kirsten wild,NED,Cycling Track,0,0,1
2230,shuai zhao,CHN,Taekwondo,0,0,1
2231,vincent luis,FRA,Triathlon,0,0,1
2232,josh green,AUS,Basketball,0,0,1
2233,krisztian manhercz,HUN,Water Polo,0,0,1
2234,kliment kolesnikov,ROC,Swimming,0,0,1
2235,mandeep singh,IND,Hockey,0,0,1
2236,danuta kozak,HUN,Canoe Sprint,0,0,1
2237,izaac stubblety-cook,AUS,Swimming,0,0,1
2238,tijana boskovic,SRB,Volleyball,0,0,1
2239,alla cherkasova,UKR,Wrestling,0,0,1
2240,inbar lanir,ISR,Judo,0,0,1
2241,junior garcia,DOM,Baseball/Softball,0,0,1
2242,joaquin esquivel,MEX,Football,0,0,1
2243,andrew hoy,AUS,Equestrian,0,0,1
2244,stefano oppo,ITA,Rowing,0,0,1
2245,allison schmitt,USA,Swimming,0,0,1
2246,natalie hinds,USA,Swimming,0,0,1
2247,justyna iskrzycka,POL,Canoe Sprint,0,0,1
2248,norbert hosnyanszky,HUN,Water Polo,0,0,1
2249,jeison guzman,DOM,Baseball/Softball,0,0,1
2250,lauren bay regula,CAN,Baseball/Softball,0,0,1
2251,katrina lehis,EST,Fencing,0,0,1
2252,kirani james,GRN,Athletics,0,0,1
2253,yuwei wang,CHN,Rowing,0,0,1
2254,jacob kiplimo,UGA,Athletics,0,0,1
2255,abby dahlkemper,USA,Football,0,0,1
2256,reineris salas perez,CUB,Wrestling,0,0,1
2257,emma mckeon,AUS,Swimming,0,0,1
2258,emma mckeon,AUS,Swimming,0,0,1
2259,emma mckeon,AUS,Swimming,0,0,1
2260,alexis vega,MEX,Football,0,0,1
2261,sanna solberg,NOR,Handball,0,0,1
2262,xingqiang tang,CHN,Athletics,0,0,1
2263,sky brown,GBR,Skateboarding,0,0,1
2264,jack laugher,GBR,Diving,0,0,1
2265,felipe del mestre,ARG,Rugby Sevens,0,0,1
2266,taha akgul,TUR,Wrestling,0,0,1
2267,eleftherios petrounias,GRE,Artistic Gymnastics,0,0,1
2268,aron szilagyi,HUN,Fencing,0,0,1
2269,bianca walkden,GBR,Taekwondo,0,0,1
2270,jisu yoon,KOR,Fencing,0,0,1
2271,leonie periault,FRA,Triathlon,0,0,1
2272,madison wilson,AUS,Swimming,0,0,1
2273,junelle bromfield,JAM,Athletics,0,0,1
2274,teddy riner,FRA,Judo,0,0,1
2275,ana roqica,FIJ,Rugby Sevens,0,0,1
2276,li gong,CHN,Karate,0,0,1
2277,catie de loof,USA,Swimming,0,0,1
2278,matteo lodo,ITA,Rowing,0,0,1
2279,viviana bottaro,ITA,Karate,0,0,1
2280,ana bjelica,SRB,Volleyball,0,0,1
2281,ruth marie christelle gbagbi,CIV,Taekwondo,0,0,1
2282,eduardo aguirre,MEX,Football,0,0,1
2283,janieve russell,JAM,Athletics,0,0,1
2284,mollie o'callaghan,AUS,Swimming,0,0,1
2285,abner teixeira,BRA,Boxing,0,0,1
2286,jiaruixuan xiao,CHN,Shooting,0,0,1
2287,sarolta kovacs,HUN,Modern Pentathlon,0,0,1
2288,brankica mihajlovic,SRB,Volleyball,0,0,1
2289,lydia ko,NZL,Golf,0,0,1
2290,shona mccallin,GBR,Hockey,0,0,1
2291,matti mattsson,FIN,Swimming,0,0,1
2292,christopher six,FRA,Equestrian,0,0,1
2293,rodrigo corrales rodal,ESP,Handball,0,0,1
2294,alexandra patricia morgan,USA,Football,0,0,1
2295,pieter devos,BEL,Equestrian,0,0,1
2296,gregorio paltrinieri,ITA,Marathon Swimming,0,0,1
2297,maja aleksic,SRB,Volleyball,0,0,1
2298,artur naifonov,ROC,Wrestling,0,0,1
2299,gedeon guardiola villaplana,ESP,Handball,0,0,1
2300,chloe dygert,USA,Cycling Track,0,0,1
2301,thomas ford,GBR,Rowing,0,0,1
2302,katie vincent,CAN,Canoe Sprint,0,0,1
2303,susannah townsend,GBR,Hockey,0,0,1
2304,amir hossein zare,IRI,Wrestling,0,0,1
2305,changrim an,KOR,Judo,0,0,1
2306,anna illes,HUN,Water Polo,0,0,1
2307,maria centracchio,ITA,Judo,0,0,1
2308,stine skogrand,NOR,Handball,0,0,1
2309,sarah robertson,GBR,Hockey,0,0,1
2310,lily owsley,GBR,Hockey,0,0,1
2311,mai murakami,JPN,Artistic Gymnastics,0,0,1
2312,jennifer valente,USA,Cycling Track,0,0,1
2313,maykel masso,CUB,Athletics,0,0,1
2314,federica isola,ITA,Fencing,0,0,1
2315,erik vlcek,SVK,Canoe Sprint,0,0,1
2316,allyson felix,USA,Athletics,0,0,1
2317,martin ramos,ARG,Volleyball,0,0,1
2318,samuel balaz,SVK,Canoe Sprint,0,0,1
2319,margaret mac neil,CAN,Swimming,0,0,1
2320,joan cardona mendez,ESP,Sailing,0,0,1
2321,sooyeon choi,KOR,Fencing,0,0,1
2322,adrian mora,MEX,Football,0,0,1
2323,olivia smoliga,USA,Swimming,0,0,1
2324,alison dos santos,BRA,Athletics,0,0,1
2325,kateryna reznik,UKR,Artistic Swimming,0,0,1
2326,harrie lavreysen,NED,Cycling Track,0,0,1
2327,kareena lee,AUS,Marathon Swimming,0,0,1
2328,sarah louise jones,GBR,Hockey,0,0,1
2329,luis romo,MEX,Football,0,0,1
2330,yaime perez,CUB,Athletics,0,0,1
2331,miguel sanchez-migallon naranjo,ESP,Handball,0,0,1
2332,jessica gadirova,GBR,Artistic Gymnastics,0,0,1
2333,mo sheung grace lau,HKG,Karate,0,0,1
2334,frazer clarke,GBR,Boxing,0,0,1
2335,vitezslav vesely,CZE,Athletics,0,0,1
2336,duan domovic bulut,SRB,3x3 Basketball,0,0,1
2337,gadzhimurad rashidov,ROC,Wrestling,0,0,1
2338,jock landale,AUS,Basketball,0,0,1
2339,surender kumar,IND,Hockey,0,0,1
2340,katrine lunde,NOR,Handball,0,0,1
2341,hardik singh,IND,Hockey,0,0,1
2342,pietro ruta,ITA,Rowing,0,0,1
2343,mikiko andoh,JPN,Weightlifting,0,0,1
2344,cherif younousse,QAT,Beach Volleyball,0,0,1
2345,alejandra orozco,MEX,Diving,0,0,1
2346,igor wandtke,GER,Judo,0,0,1
2347,german schulz,ARG,Rugby Sevens,0,0,1
2348,megan tapper,JAM,Athletics,0,0,1
2349,sara groenewegen,CAN,Baseball/Softball,0,0,1
2350,emma oosterwegel,NED,Athletics,0,0,1
2351,carlos alberto ramirez yepes,COL,Cycling BMX Racing,0,0,1
2352,dante exum,AUS,Basketball,0,0,1
2353,sarah michel,FRA,Basketball,0,0,1
2354,i-ching cheng,TPE,Table Tennis,0,0,1
2355,niiaz iliasov,ROC,Judo,0,0,1
2356,declan brooks,GBR,Cycling BMX Freestyle,0,0,1
2357,emilio bonifacio,DOM,Baseball/Softball,0,0,1
2358,nic kay,AUS,Basketball,0,0,1
2359,melky cabrera,DOM,Baseball/Softball,0,0,1
2360,victoria hayward,CAN,Baseball/Softball,0,0,1
2361,johan vasquez,MEX,Football,0,0,1
2362,angel fernandez perez,ESP,Handball,0,0,1
2363,lukas weisshaidinger,AUT,Athletics,0,0,1
2364,mara navarria,ITA,Fencing,0,0,1
2365,matthew john coward holley,GBR,Shooting,0,0,1
2366,yun ju lin,TPE,Table Tennis,0,0,1
2367,marine fauthoux,FRA,Basketball,0,0,1
2368,marieke keijser,NED,Rowing,0,0,1
2369,crystal dunn,USA,Football,0,0,1
2370,shuyu yang,CHN,3x3 Basketball,0,0,1
2371,meg harris,AUS,Swimming,0,0,1
2372,thomas ceccon,ITA,Swimming,0,0,1
2373,damir martin,CRO,Rowing,0,0,1
2374,wooi yik soh,MAS,Badminton,0,0,1
2375,bruno lima,ARG,Volleyball,0,0,1
2376,cristopher crisostomo,DOM,Baseball/Softball,0,0,1
2377,yuehong li,CHN,Shooting,0,0,1
2378,cameron girdlestone,AUS,Rowing,0,0,1
2379,sladana mirkovic,SRB,Volleyball,0,0,1
2380,dorian coninx,FRA,Triathlon,0,0,1
2381,tierna davidson,USA,Football,0,0,1
2382,lucio cinti,ARG,Rugby Sevens,0,0,1
2383,erica cipressa,ITA,Fencing,0,0,1
2384,tian miao,CHN,Rowing,0,0,1
2385,erika brown,USA,Swimming,0,0,1
2386,pernille blume,DEN,Swimming,0,0,1
2387,yelyzaveta yakhno,UKR,Artistic Swimming,0,0,1
2388,kari brattset dale,NOR,Handball,0,0,1
2389,krysta palmer,USA,Diving,0,0,1
2390,bayapo ndori,BOT,Athletics,0,0,1
2391,vivek sagar prasad,IND,Hockey,0,0,1
2392,benjamin thomas,FRA,Cycling Track,0,0,1
2393,fernando scheffer,BRA,Swimming,0,0,1
2394,mariya stadnik,AZE,Wrestling,0,0,1
2395,luka mkheidze,FRA,Judo,0,0,1
2396,marcos moneta,ARG,Rugby Sevens,0,0,1
2397,shohei yabiku,JPN,Wrestling,0,0,1
2398,sebastien vigier,FRA,Cycling Track,0,0,1
2399,gabby williams,FRA,Basketball,0,0,1
2400,tim hecker,GER,Canoe Sprint,0,0,1
